amblyomma_protein	uniprot_id	avg_n_models	max_n_models	num_contacts_with_max_n_models	num_unique_contacts	best_model_num	best_pdockq	best_plddt_avg	best_pae_avg	pTM	ipTM	afmultimer_ranking_confidence	uniprot_name	annotation	ncbi_human_gene_link	primary_expression	full_expression	amblyomma_id
Amblyomma-americanum_evm.model.contig-76089-1.2	Q99895	4.8	5	291	320	1	0.609	96.5	1.5	0.83	0.89	0.878	CTRC_HUMAN	Chymotrypsin-C (EC 3.4.21.2) (Caldecrin)	https://www.ncbi.nlm.nih.gov/gene/11330	other	pancreas	76089-1.2
Amblyomma-americanum_evm.model.contig-76089-1.2	P08217	4.8	5	279	312	1	0.608	95.2	1.7	0.84	0.88	0.872	CEL2A_HUMAN	Chymotrypsin-like elastase family member 2A (EC 3.4.21.71) (Elastase-2A)	https://www.ncbi.nlm.nih.gov/gene/63036	other	pancreas	76089-1.2
Amblyomma-americanum_evm.model.contig-240510-1.2	P08311	4.8	5	259	286	2	0.627	95.4	1.4	0.74	0.87	0.844	CATG_HUMAN	Cathepsin G (CG) (EC 3.4.21.20) [Cleaved into: Cathepsin G  C-terminal truncated form]	https://www.ncbi.nlm.nih.gov/gene/1511	immune cells	bone marrow	240510-1.2
Amblyomma-americanum_evm.model.contig-76089-1.2	P08311	4.8	5	280	302	2	0.645	97	1.3	0.82	0.86	0.852	CATG_HUMAN	Cathepsin G (CG) (EC 3.4.21.20) [Cleaved into: Cathepsin G  C-terminal truncated form]	https://www.ncbi.nlm.nih.gov/gene/1511	immune cells	bone marrow	76089-1.2
Amblyomma-americanum_evm.model.contig-234199-1.1	P08246	4.7	5	236	267	4	0.595	94.2	1.7	0.8	0.79	0.792	ELNE_HUMAN	Neutrophil elastase (EC 3.4.21.37) (Bone marrow serine protease) (Elastase-2) (Human leukocyte elastase) (HLE) (Medullasin) (PMN elastase)	none	immune cells	none	234199-1.1
Amblyomma-americanum_evm.model.contig-114817-1.1	Q6GPI1	4.7	5	227	260	4	0.568	94.3	1.5	0.73	0.87	0.842	CTRB2_HUMAN	Chymotrypsinogen B2 (EC 3.4.21.1) [Cleaved into: Chymotrypsin B2 chain A; Chymotrypsin B2 chain B; Chymotrypsin B2 chain C]	https://www.ncbi.nlm.nih.gov/gene/?term=Homo+sapiens+chymotrypsinogen+B2	other	pancreas	114817-1.1
Amblyomma-americanum_evm.model.contig-76089-1.2	Q9Y5K2	4.7	5	229	267	2	0.587	96.3	1.4	0.8	0.84	0.832	KLK4_HUMAN	Kallikrein-4 (EC 3.4.21.-) (Enamel matrix serine proteinase 1) (Kallikrein-like protein 1) (KLK-L1) (Prostase) (Serine protease 17)	https://www.ncbi.nlm.nih.gov/gene/9622	other	prostate	76089-1.2
Amblyomma-americanum_evm.model.contig-76089-1.2	P20160	4.7	5	254	296	4	0.588	91.4	2	0.77	0.8	0.794	CAP7_HUMAN	Azurocidin (Cationic antimicrobial protein CAP37) (Heparin-binding protein) (HBP) (hHBP)	https://www.ncbi.nlm.nih.gov/gene/566	immune cells	bone marrow	76089-1.2
Amblyomma-americanum_evm.model.contig-234199-1.1	Q9UKQ9	4.7	5	287	335	1	0.609	92.2	2.1	0.83	0.85	0.846	KLK9_HUMAN	Kallikrein-9 (EC 3.4.21.-) (Kallikrein-like protein 3) (KLK-L3)	https://www.ncbi.nlm.nih.gov/gene/284366	skin	skin, esophagus	234199-1.1
Amblyomma-americanum_evm.model.contig-114817-1.1	P17538	4.7	5	226	262	3	0.55	93.8	1.6	0.73	0.87	0.842	CTRB1_HUMAN	Chymotrypsinogen B (EC 3.4.21.1) [Cleaved into: Chymotrypsin B chain A; Chymotrypsin B chain B; Chymotrypsin B chain C]	https://www.ncbi.nlm.nih.gov/gene/1504	other	pancreas	114817-1.1
Amblyomma-americanum_evm.model.contig-76089-1.2	Q6GPI1	4.7	5	243	279	1	0.6	95.3	1.6	0.83	0.87	0.862	CTRB2_HUMAN	Chymotrypsinogen B2 (EC 3.4.21.1) [Cleaved into: Chymotrypsin B2 chain A; Chymotrypsin B2 chain B; Chymotrypsin B2 chain C]	https://www.ncbi.nlm.nih.gov/gene/?term=Homo+sapiens+chymotrypsinogen+B2	other	pancreas	76089-1.2
Amblyomma-americanum_evm.model.contig-240510-1.2	P08246	4.7	5	198	225	1	0.551	95.8	1.4	0.71	0.81	0.79	ELNE_HUMAN	Neutrophil elastase (EC 3.4.21.37) (Bone marrow serine protease) (Elastase-2) (Human leukocyte elastase) (HLE) (Medullasin) (PMN elastase)	none	immune cells	none	240510-1.2
Amblyomma-americanum_evm.model.contig-234199-1.1	Q92876	4.7	5	253	304	1	0.583	92.8	1.8	0.83	0.86	0.854	KLK6_HUMAN	Kallikrein-6 (EC 3.4.21.-) (Neurosin) (Protease M) (SP59) (Serine protease 18) (Serine protease 9) (Zyme)	https://www.ncbi.nlm.nih.gov/gene/5653	other	esophagus, brain, kidney	234199-1.1
Amblyomma-americanum_evm.model.contig-76089-1.2	P24158	4.7	5	240	272	3	0.548	94.2	1.8	0.79	0.81	0.806	PRTN3_HUMAN	Myeloblastin (EC 3.4.21.76) (AGP7) (C-ANCA antigen) (Leukocyte proteinase 3) (PR-3) (PR3) (Neutrophil proteinase 4) (NP-4) (P29) (Wegener autoantigen)	https://www.ncbi.nlm.nih.gov/gene/5657	immune cells	bone marrow*	76089-1.2
Amblyomma-americanum_evm.model.contig-234199-1.1	Q9P0G3	4.6	5	295	361	4	0.614	91.5	2	0.81	0.81	0.81	KLK14_HUMAN	Kallikrein-14 (hK14) (EC 3.4.21.-) (Kallikrein-like protein 6) (KLK-L6)	https://www.ncbi.nlm.nih.gov/gene/43847	skin	skin	234199-1.1
Amblyomma-americanum_evm.model.contig-76089-1.2	Q9UKR0	4.6	5	242	292	1	0.58	92.1	1.9	0.8	0.84	0.832	KLK12_HUMAN	Kallikrein-12 (EC 3.4.21.-) (Kallikrein-like protein 5) (KLK-L5)	https://www.ncbi.nlm.nih.gov/gene/43849	other	esophagus, colon, salivary gland	76089-1.2
Amblyomma-americanum_evm.model.contig-76089-1.2	P17538	4.6	5	233	281	2	0.588	94.4	1.7	0.82	0.86	0.852	CTRB1_HUMAN	Chymotrypsinogen B (EC 3.4.21.1) [Cleaved into: Chymotrypsin B chain A; Chymotrypsin B chain B; Chymotrypsin B chain C]	https://www.ncbi.nlm.nih.gov/gene/1504	other	pancreas	76089-1.2
Amblyomma-americanum_evm.model.contig-234199-1.1	P08311	4.6	5	314	376	4	0.654	93.3	1.9	0.84	0.87	0.864	CATG_HUMAN	Cathepsin G (CG) (EC 3.4.21.20) [Cleaved into: Cathepsin G  C-terminal truncated form]	https://www.ncbi.nlm.nih.gov/gene/1511	immune cells	bone marrow	234199-1.1
Amblyomma-americanum_evm.model.contig-114817-1.1	P10144	4.6	5	284	342	2	0.564	91.7	1.8	0.73	0.87	0.842	GRAB_HUMAN	Granzyme B (EC 3.4.21.79) (C11) (CTLA-1) (Cathepsin G-like 1) (CTSGL1) (Cytotoxic T-lymphocyte proteinase 2) (Lymphocyte protease) (Fragmentin-2) (Granzyme-2) (Human lymphocyte protein) (HLP) (SECT) (T-cell serine protease 1-3E)	https://www.ncbi.nlm.nih.gov/gene/3002	immune cells	bone marrow, appendix, lung, lymph node, spleen	114817-1.1
Amblyomma-americanum_evm.model.contig-234199-1.1	Q9UKR0	4.6	5	277	339	1	0.598	91.6	2	0.84	0.86	0.856	KLK12_HUMAN	Kallikrein-12 (EC 3.4.21.-) (Kallikrein-like protein 5) (KLK-L5)	https://www.ncbi.nlm.nih.gov/gene/43849	other	esophagus, colon, salivary gland	234199-1.1
Amblyomma-americanum_evm.model.contig-240510-1.2	P24158	4.6	5	223	261	2	0.533	95.8	1.4	0.75	0.85	0.83	PRTN3_HUMAN	Myeloblastin (EC 3.4.21.76) (AGP7) (C-ANCA antigen) (Leukocyte proteinase 3) (PR-3) (PR3) (Neutrophil proteinase 4) (NP-4) (P29) (Wegener autoantigen)	https://www.ncbi.nlm.nih.gov/gene/5657	immune cells	bone marrow*	240510-1.2
Amblyomma-americanum_evm.model.contig-114817-1.1	P49862	4.6	5	243	291	1	0.539	92.3	1.8	0.71	0.84	0.814	KLK7_HUMAN	Kallikrein-7 (hK7) (EC 3.4.21.117) (Serine protease 6) (Stratum corneum chymotryptic enzyme) (hSCCE)	https://www.ncbi.nlm.nih.gov/gene/5650	skin	skin, esophagus	114817-1.1
Amblyomma-americanum_evm.model.contig-30987-1.8	Q92876	4.6	5	314	380	2	0.641	93.1	1.7	0.55	0.86	0.798	KLK6_HUMAN	Kallikrein-6 (EC 3.4.21.-) (Neurosin) (Protease M) (SP59) (Serine protease 18) (Serine protease 9) (Zyme)	https://www.ncbi.nlm.nih.gov/gene/5653	other	esophagus, brain, kidney	30987-1.8
Amblyomma-americanum_evm.model.contig-234199-1.1	P23946	4.6	5	277	334	1	0.63	93.4	1.8	0.83	0.86	0.854	CMA1_HUMAN	Chymase (EC 3.4.21.39) (Alpha-chymase) (Mast cell protease I)	https://www.ncbi.nlm.nih.gov/gene/1215	immune cells	colon, esophagus, gall bladder, small intenstine	234199-1.1
Amblyomma-americanum_evm.model.contig-195898-1.1	P49862	4.6	5	260	316	2	0.46	86.6	2.1	0.57	0.84	0.786	KLK7_HUMAN	Kallikrein-7 (hK7) (EC 3.4.21.117) (Serine protease 6) (Stratum corneum chymotryptic enzyme) (hSCCE)	https://www.ncbi.nlm.nih.gov/gene/5650	skin	skin, esophagus	195898-1.1
Amblyomma-americanum_evm.model.contig-234199-1.1	P20151	4.6	5	324	380	1	0.617	87.8	2.6	0.83	0.85	0.846	KLK2_HUMAN	Kallikrein-2 (EC 3.4.21.35) (Glandular kallikrein-1) (hGK-1) (Tissue kallikrein-2)	https://www.ncbi.nlm.nih.gov/gene/3817	other	prostate	234199-1.1
Amblyomma-americanum_evm.model.contig-240510-1.2	P08861	4.6	5	236	294	2	0.569	95.2	1.5	0.74	0.85	0.828	CEL3B_HUMAN	Chymotrypsin-like elastase family member 3B (EC 3.4.21.70) (Elastase IIIB) (Elastase-3B) (Protease E)	https://www.ncbi.nlm.nih.gov/gene/23436	other	pancreas	240510-1.2
Amblyomma-americanum_evm.model.contig-48378-1.17	P24158	4.6	5	329	397	2	0.594	93.6	1.9	0.85	0.85	0.85	PRTN3_HUMAN	Myeloblastin (EC 3.4.21.76) (AGP7) (C-ANCA antigen) (Leukocyte proteinase 3) (PR-3) (PR3) (Neutrophil proteinase 4) (NP-4) (P29) (Wegener autoantigen)	https://www.ncbi.nlm.nih.gov/gene/5657	immune cells	bone marrow*	48378-1.17
Amblyomma-americanum_evm.model.contig-76089-1.2	P08218	4.5	5	253	310	3	0.584	95.1	1.6	0.83	0.88	0.87	CEL2B_HUMAN	Chymotrypsin-like elastase family member 2B (EC 3.4.21.71) (Elastase-2B)	https://www.ncbi.nlm.nih.gov/gene/51032	other	pancreas	76089-1.2
Amblyomma-americanum_evm.model.contig-234199-1.1	P20718	4.5	5	309	375	2	0.63	92.6	1.9	0.84	0.86	0.856	GRAH_HUMAN	Granzyme H (EC 3.4.21.-) (CCP-X) (Cathepsin G-like 2) (CTSGL2) (Cytotoxic T-lymphocyte proteinase) (Cytotoxic serine protease C) (CSP-C)	https://www.ncbi.nlm.nih.gov/gene/2999	immune cells	lymph nodes, bone marrow, spleen, lung	234199-1.1
Amblyomma-americanum_evm.model.contig-234199-1.1	P51124	4.5	5	269	337	3	0.633	94.3	1.6	0.83	0.85	0.846	GRAM_HUMAN	Granzyme M (EC 3.4.21.-) (Met-1 serine protease) (Hu-Met-1) (Met-ase) (Natural killer cell granular protease)	https://www.ncbi.nlm.nih.gov/gene/3004	immune cells	spleen, lymph node, bone marrow, appendix	234199-1.1
Amblyomma-americanum_evm.model.contig-234199-1.1	P17538	4.5	5	239	296	2	0.592	94.1	1.7	0.85	0.88	0.874	CTRB1_HUMAN	Chymotrypsinogen B (EC 3.4.21.1) [Cleaved into: Chymotrypsin B chain A; Chymotrypsin B chain B; Chymotrypsin B chain C]	https://www.ncbi.nlm.nih.gov/gene/1504	other	pancreas	234199-1.1
Amblyomma-americanum_evm.model.contig-30987-1.8	P09093	4.5	5	333	412	2	0.577	88.2	2.4	0.55	0.85	0.79	CEL3A_HUMAN	Chymotrypsin-like elastase family member 3A (EC 3.4.21.70) (Elastase IIIA) (Elastase-3A) (Protease E)	https://www.ncbi.nlm.nih.gov/gene/10136	other	pancreas	30987-1.8
Amblyomma-americanum_evm.model.contig-234199-1.1	Q9UNI1	4.5	5	315	401	4	0.624	90.2	2.4	0.85	0.87	0.866	CELA1_HUMAN	Chymotrypsin-like elastase family member 1 (EC 3.4.21.36) (Elastase-1) (Pancreatic elastase 1)	https://www.ncbi.nlm.nih.gov/gene/1990	other	pancreas, adrenal	234199-1.1
Amblyomma-americanum_evm.model.contig-48378-1.17	P08861	4.5	5	413	505	3	0.646	91.8	2.1	0.85	0.86	0.858	CEL3B_HUMAN	Chymotrypsin-like elastase family member 3B (EC 3.4.21.70) (Elastase IIIB) (Elastase-3B) (Protease E)	https://www.ncbi.nlm.nih.gov/gene/23436	other	pancreas	48378-1.17
Amblyomma-americanum_evm.model.contig-240510-1.2	P23946	4.5	5	242	302	2	0.611	94.6	1.6	0.74	0.88	0.852	CMA1_HUMAN	Chymase (EC 3.4.21.39) (Alpha-chymase) (Mast cell protease I)	https://www.ncbi.nlm.nih.gov/gene/1215	immune cells	colon, esophagus, gall bladder, small intenstine	240510-1.2
Amblyomma-americanum_evm.model.contig-114817-1.1	P51124	4.5	5	269	342	4	0.595	92.2	1.9	0.71	0.85	0.822	GRAM_HUMAN	Granzyme M (EC 3.4.21.-) (Met-1 serine protease) (Hu-Met-1) (Met-ase) (Natural killer cell granular protease)	https://www.ncbi.nlm.nih.gov/gene/3004	immune cells	spleen, lymph node, bone marrow, appendix	114817-1.1
Amblyomma-americanum_evm.model.contig-234199-1.1	P10144	4.5	5	306	377	2	0.618	91.9	2	0.84	0.86	0.856	GRAB_HUMAN	Granzyme B (EC 3.4.21.79) (C11) (CTLA-1) (Cathepsin G-like 1) (CTSGL1) (Cytotoxic T-lymphocyte proteinase 2) (Lymphocyte protease) (Fragmentin-2) (Granzyme-2) (Human lymphocyte protein) (HLP) (SECT) (T-cell serine protease 1-3E)	https://www.ncbi.nlm.nih.gov/gene/3002	immune cells	bone marrow, appendix, lung, lymph node, spleen	234199-1.1
Amblyomma-americanum_evm.model.contig-114817-1.1	P08246	4.5	5	212	256	4	0.537	93.9	1.5	0.69	0.8	0.778	ELNE_HUMAN	Neutrophil elastase (EC 3.4.21.37) (Bone marrow serine protease) (Elastase-2) (Human leukocyte elastase) (HLE) (Medullasin) (PMN elastase)	none	immune cells	none	114817-1.1
Amblyomma-americanum_evm.model.contig-234199-1.1	P49862	4.5	5	267	319	2	0.586	92.5	1.9	0.82	0.84	0.836	KLK7_HUMAN	Kallikrein-7 (hK7) (EC 3.4.21.117) (Serine protease 6) (Stratum corneum chymotryptic enzyme) (hSCCE)	https://www.ncbi.nlm.nih.gov/gene/5650	skin	skin, esophagus	234199-1.1
Amblyomma-americanum_evm.model.contig-234199-1.1	Q6GPI1	4.5	5	243	300	1	0.599	93.3	1.9	0.85	0.87	0.866	CTRB2_HUMAN	Chymotrypsinogen B2 (EC 3.4.21.1) [Cleaved into: Chymotrypsin B2 chain A; Chymotrypsin B2 chain B; Chymotrypsin B2 chain C]	https://www.ncbi.nlm.nih.gov/gene/?term=Homo+sapiens+chymotrypsinogen+B2	other	pancreas	234199-1.1
Amblyomma-americanum_evm.model.contig-30987-1.8	P07478	4.5	5	290	380	1	0.502	84	2.9	0.54	0.78	0.732	TRY2_HUMAN	Trypsin-2 (EC 3.4.21.4) (Anionic trypsinogen) (Serine protease 2) (Trypsin II)	https://www.ncbi.nlm.nih.gov/gene/5645	other	pancreas	30987-1.8
Amblyomma-americanum_evm.model.contig-48378-1.17	P51124	4.5	5	391	489	5	0.624	90.3	2.2	0.84	0.85	0.848	GRAM_HUMAN	Granzyme M (EC 3.4.21.-) (Met-1 serine protease) (Hu-Met-1) (Met-ase) (Natural killer cell granular protease)	https://www.ncbi.nlm.nih.gov/gene/3004	immune cells	spleen, lymph node, bone marrow, appendix	48378-1.17
Amblyomma-americanum_evm.model.contig-48378-1.17	P09093	4.5	5	397	484	5	0.62	88.9	2.4	0.84	0.85	0.848	CEL3A_HUMAN	Chymotrypsin-like elastase family member 3A (EC 3.4.21.70) (Elastase IIIA) (Elastase-3A) (Protease E)	https://www.ncbi.nlm.nih.gov/gene/10136	other	pancreas	48378-1.17
Amblyomma-americanum_evm.model.contig-30987-1.8	P08311	4.5	5	304	392	3	0.616	91.9	2	0.55	0.88	0.814	CATG_HUMAN	Cathepsin G (CG) (EC 3.4.21.20) [Cleaved into: Cathepsin G  C-terminal truncated form]	https://www.ncbi.nlm.nih.gov/gene/1511	immune cells	bone marrow	30987-1.8
Amblyomma-americanum_evm.model.contig-30987-1.8	P08311	4.5	5	304	392	3	0.616	91.9	2	0.54	0.88	0.812	CATG_HUMAN	Cathepsin G (CG) (EC 3.4.21.20) [Cleaved into: Cathepsin G  C-terminal truncated form]	https://www.ncbi.nlm.nih.gov/gene/1511	immune cells	bone marrow	30987-1.8
Amblyomma-americanum_evm.model.contig-234199-1.1	P08217	4.5	5	327	411	2	0.634	90.8	2.2	0.86	0.88	0.876	CEL2A_HUMAN	Chymotrypsin-like elastase family member 2A (EC 3.4.21.71) (Elastase-2A)	https://www.ncbi.nlm.nih.gov/gene/63036	other	pancreas	234199-1.1
Amblyomma-americanum_evm.model.contig-30987-1.8	P23946	4.4	5	262	346	2	0.539	87.6	2.2	0.53	0.87	0.802	CMA1_HUMAN	Chymase (EC 3.4.21.39) (Alpha-chymase) (Mast cell protease I)	https://www.ncbi.nlm.nih.gov/gene/1215	immune cells	colon, esophagus, gall bladder, small intenstine	30987-1.8
Amblyomma-americanum_evm.model.contig-48378-1.17	Q6GPI1	4.4	5	383	497	4	0.644	90.8	2.2	0.86	0.88	0.876	CTRB2_HUMAN	Chymotrypsinogen B2 (EC 3.4.21.1) [Cleaved into: Chymotrypsin B2 chain A; Chymotrypsin B2 chain B; Chymotrypsin B2 chain C]	https://www.ncbi.nlm.nih.gov/gene/?term=Homo+sapiens+chymotrypsinogen+B2	other	pancreas	48378-1.17
Amblyomma-americanum_evm.model.contig-234199-1.1	P08861	4.4	5	275	370	2	0.625	94.8	1.7	0.83	0.84	0.838	CEL3B_HUMAN	Chymotrypsin-like elastase family member 3B (EC 3.4.21.70) (Elastase IIIB) (Elastase-3B) (Protease E)	https://www.ncbi.nlm.nih.gov/gene/23436	other	pancreas	234199-1.1
Amblyomma-americanum_evm.model.contig-234199-1.1	Q15661	4.4	5	230	301	2	0.56	92.5	2	0.83	0.83	0.83	TRYB1_HUMAN	Tryptase alpha/beta-1 (Tryptase-1) (EC 3.4.21.59) (Tryptase I) (Tryptase alpha-1)	https://www.ncbi.nlm.nih.gov/gene/?term=Homo+sapiens+tryptase+alpha%2Fbeta-1	immune cells	gall bladder, colon, lung, stomach	234199-1.1
Amblyomma-americanum_evm.model.contig-128153-1.1	Q9Y5K2	4.4	5	240	305	4	0.452	84.8	2.6	0.73	0.81	0.794	KLK4_HUMAN	Kallikrein-4 (EC 3.4.21.-) (Enamel matrix serine proteinase 1) (Kallikrein-like protein 1) (KLK-L1) (Prostase) (Serine protease 17)	https://www.ncbi.nlm.nih.gov/gene/9622	other	prostate	128153-1.1
Amblyomma-americanum_evm.model.contig-30987-1.8	P07477	4.4	5	304	387	2	0.551	85.8	2.6	0.54	0.81	0.756	TRY1_HUMAN	Serine protease 1 (EC 3.4.21.4) (Anionic trypsin I) (Anionic trypsin-I) (Beta-trypsin) (Cationic trypsinogen) (Pretrypsinogen I) (Trypsin I) (Trypsin-1) [Cleaved into: Alpha-trypsin chain 1; Alpha-trypsin chain 2]	https://www.ncbi.nlm.nih.gov/gene/5644	other	pancreas	30987-1.8
Amblyomma-americanum_evm.model.contig-114817-1.1	Q9P0G3	4.4	5	232	291	2	0.534	92.8	1.8	0.7	0.8	0.78	KLK14_HUMAN	Kallikrein-14 (hK14) (EC 3.4.21.-) (Kallikrein-like protein 6) (KLK-L6)	https://www.ncbi.nlm.nih.gov/gene/43847	skin	skin	114817-1.1
Amblyomma-americanum_evm.model.contig-48378-1.17	P08217	4.4	5	371	476	3	0.635	92	2	0.87	0.89	0.886	CEL2A_HUMAN	Chymotrypsin-like elastase family member 2A (EC 3.4.21.71) (Elastase-2A)	https://www.ncbi.nlm.nih.gov/gene/63036	other	pancreas	48378-1.17
Amblyomma-americanum_evm.model.contig-195898-1.1	Q6GPI1	4.4	5	238	315	2	0.455	87.9	1.9	0.6	0.88	0.824	CTRB2_HUMAN	Chymotrypsinogen B2 (EC 3.4.21.1) [Cleaved into: Chymotrypsin B2 chain A; Chymotrypsin B2 chain B; Chymotrypsin B2 chain C]	https://www.ncbi.nlm.nih.gov/gene/?term=Homo+sapiens+chymotrypsinogen+B2	other	pancreas	195898-1.1
Amblyomma-americanum_evm.model.contig-30987-1.8	P08217	4.4	5	320	436	2	0.562	87.3	2.4	0.56	0.87	0.808	CEL2A_HUMAN	Chymotrypsin-like elastase family member 2A (EC 3.4.21.71) (Elastase-2A)	https://www.ncbi.nlm.nih.gov/gene/63036	other	pancreas	30987-1.8
Amblyomma-americanum_evm.model.contig-30987-1.8	P20160	4.4	5	323	407	2	0.58	86.5	2.5	0.54	0.81	0.756	CAP7_HUMAN	Azurocidin (Cationic antimicrobial protein CAP37) (Heparin-binding protein) (HBP) (hHBP)	https://www.ncbi.nlm.nih.gov/gene/566	immune cells	bone marrow	30987-1.8
Amblyomma-americanum_evm.model.contig-114817-1.1	P08311	4.4	5	248	310	2	0.594	92.2	2.4	0.72	0.86	0.832	CATG_HUMAN	Cathepsin G (CG) (EC 3.4.21.20) [Cleaved into: Cathepsin G  C-terminal truncated form]	https://www.ncbi.nlm.nih.gov/gene/1511	immune cells	bone marrow	114817-1.1
Amblyomma-americanum_evm.model.contig-30987-1.8	P24158	4.4	5	235	307	4	0.442	86.2	2.4	0.53	0.81	0.754	PRTN3_HUMAN	Myeloblastin (EC 3.4.21.76) (AGP7) (C-ANCA antigen) (Leukocyte proteinase 3) (PR-3) (PR3) (Neutrophil proteinase 4) (NP-4) (P29) (Wegener autoantigen)	https://www.ncbi.nlm.nih.gov/gene/5657	immune cells	bone marrow*	30987-1.8
Amblyomma-americanum_evm.model.contig-76089-1.2	P08246	4.4	5	214	288	2	0.581	94.4	1.7	0.76	0.78	0.776	ELNE_HUMAN	Neutrophil elastase (EC 3.4.21.37) (Bone marrow serine protease) (Elastase-2) (Human leukocyte elastase) (HLE) (Medullasin) (PMN elastase)	none	immune cells	none	76089-1.2
Amblyomma-americanum_evm.model.contig-195898-1.1	O60259	4.4	5	259	341	1	0.504	87.2	2.3	0.58	0.83	0.78	KLK8_HUMAN	Kallikrein-8 (hK8) (EC 3.4.21.118) (Neuropsin) (NP) (Ovasin) (Serine protease 19) (Serine protease TADG-14) (Tumor-associated differentially expressed gene 14 protein)	https://www.ncbi.nlm.nih.gov/gene/11202	skin	skin, esophagus	195898-1.1
Amblyomma-americanum_evm.model.contig-30987-1.8	P20151	4.4	5	352	472	3	0.553	82.2	3.2	0.54	0.83	0.772	KLK2_HUMAN	Kallikrein-2 (EC 3.4.21.35) (Glandular kallikrein-1) (hGK-1) (Tissue kallikrein-2)	https://www.ncbi.nlm.nih.gov/gene/3817	other	prostate	30987-1.8
Amblyomma-americanum_evm.model.contig-195898-1.1	P17538	4.4	5	239	309	2	0.448	88.1	1.8	0.61	0.88	0.826	CTRB1_HUMAN	Chymotrypsinogen B (EC 3.4.21.1) [Cleaved into: Chymotrypsin B chain A; Chymotrypsin B chain B; Chymotrypsin B chain C]	https://www.ncbi.nlm.nih.gov/gene/1504	other	pancreas	195898-1.1
Amblyomma-americanum_evm.model.contig-48378-1.17	P20160	4.4	5	408	545	4	0.619	87.5	2.5	0.83	0.82	0.822	CAP7_HUMAN	Azurocidin (Cationic antimicrobial protein CAP37) (Heparin-binding protein) (HBP) (hHBP)	https://www.ncbi.nlm.nih.gov/gene/566	immune cells	bone marrow	48378-1.17
Amblyomma-americanum_evm.model.contig-48378-1.17	Q9UNI1	4.4	5	410	511	3	0.617	90.9	2.2	0.86	0.88	0.876	CELA1_HUMAN	Chymotrypsin-like elastase family member 1 (EC 3.4.21.36) (Elastase-1) (Pancreatic elastase 1)	https://www.ncbi.nlm.nih.gov/gene/1990	other	pancreas, adrenal	48378-1.17
Amblyomma-americanum_evm.model.contig-76089-1.2	Q9UKQ9	4.4	5	267	336	1	0.597	92.7	1.9	0.81	0.86	0.85	KLK9_HUMAN	Kallikrein-9 (EC 3.4.21.-) (Kallikrein-like protein 3) (KLK-L3)	https://www.ncbi.nlm.nih.gov/gene/284366	skin	skin, esophagus	76089-1.2
Amblyomma-americanum_evm.model.contig-30987-1.8	P08246	4.4	5	300	379	1	0.545	85.6	2.9	0.53	0.76	0.714	ELNE_HUMAN	Neutrophil elastase (EC 3.4.21.37) (Bone marrow serine protease) (Elastase-2) (Human leukocyte elastase) (HLE) (Medullasin) (PMN elastase)	none	immune cells	none	30987-1.8
Amblyomma-americanum_evm.model.contig-30987-1.8	P20718	4.4	5	318	412	1	0.58	88	2.5	0.54	0.86	0.796	GRAH_HUMAN	Granzyme H (EC 3.4.21.-) (CCP-X) (Cathepsin G-like 2) (CTSGL2) (Cytotoxic T-lymphocyte proteinase) (Cytotoxic serine protease C) (CSP-C)	https://www.ncbi.nlm.nih.gov/gene/2999	immune cells	lymph nodes, bone marrow, spleen, lung	30987-1.8
Amblyomma-americanum_evm.model.contig-48378-1.17	P08311	4.4	5	368	478	5	0.618	90.6	2.1	0.85	0.87	0.866	CATG_HUMAN	Cathepsin G (CG) (EC 3.4.21.20) [Cleaved into: Cathepsin G  C-terminal truncated form]	https://www.ncbi.nlm.nih.gov/gene/1511	immune cells	bone marrow	48378-1.17
Amblyomma-americanum_evm.model.contig-234199-1.1	P08218	4.4	5	310	396	1	0.624	90	2.3	0.86	0.88	0.876	CEL2B_HUMAN	Chymotrypsin-like elastase family member 2B (EC 3.4.21.71) (Elastase-2B)	https://www.ncbi.nlm.nih.gov/gene/51032	other	pancreas	234199-1.1
Amblyomma-americanum_evm.model.contig-48378-1.17	P23946	4.4	5	351	445	4	0.625	91.8	2	0.86	0.88	0.876	CMA1_HUMAN	Chymase (EC 3.4.21.39) (Alpha-chymase) (Mast cell protease I)	https://www.ncbi.nlm.nih.gov/gene/1215	immune cells	colon, esophagus, gall bladder, small intenstine	48378-1.17
Amblyomma-americanum_evm.model.contig-234199-1.1	Q8NF86	4.3	5	226	298	4	0.565	90.6	2.1	0.81	0.82	0.818	PRS33_HUMAN	Serine protease 33 (EC 3.4.21.-) (Serine protease EOS)	https://www.ncbi.nlm.nih.gov/gene/260429	immune cells	none	234199-1.1
Amblyomma-americanum_evm.model.contig-240510-1.2	Q9UNI1	4.3	5	259	335	5	0.589	95.2	1.5	0.77	0.88	0.858	CELA1_HUMAN	Chymotrypsin-like elastase family member 1 (EC 3.4.21.36) (Elastase-1) (Pancreatic elastase 1)	https://www.ncbi.nlm.nih.gov/gene/1990	other	pancreas, adrenal	240510-1.2
Amblyomma-americanum_evm.model.contig-30987-1.8	P40313	4.3	5	247	336	4	0.517	88.9	2.2	0.55	0.87	0.806	CTRL_HUMAN	Chymotrypsin-like protease CTRL-1 (EC 3.4.21.-)	https://www.ncbi.nlm.nih.gov/gene/1506	other	pancreas	30987-1.8
Amblyomma-americanum_evm.model.contig-128153-1.1	Q8NHM4	4.3	5	237	326	4	0.475	84.6	3.2	0.75	0.81	0.798	TRY6_HUMAN	Putative trypsin-6 (EC 3.4.21.4) (Serine protease 3 pseudogene 2) (Trypsinogen C)	https://www.ncbi.nlm.nih.gov/gene/?term=Homo+sapiens+Putative+trypsin-6	none	none	128153-1.1
Amblyomma-americanum_evm.model.contig-76089-1.2	P00746	4.3	5	224	304	2	0.584	93.5	1.7	0.81	0.83	0.826	CFAD_HUMAN	Complement factor D (EC 3.4.21.46) (Adipsin) (C3 convertase activator) (Properdin factor D)	https://www.ncbi.nlm.nih.gov/gene/1675	other	colon, fat, prostate	76089-1.2
Amblyomma-americanum_evm.model.contig-30987-1.8	Q9H2R5	4.3	5	273	365	1	0.517	86.2	2.8	0.54	0.85	0.788	KLK15_HUMAN	Kallikrein-15 (EC 3.4.21.-) (ACO protease)	https://www.ncbi.nlm.nih.gov/gene/55554	other	colon, salivary gland, testis	30987-1.8
Amblyomma-americanum_evm.model.contig-195898-1.1	P24158	4.3	5	232	315	4	0.403	84	2.9	0.58	0.78	0.74	PRTN3_HUMAN	Myeloblastin (EC 3.4.21.76) (AGP7) (C-ANCA antigen) (Leukocyte proteinase 3) (PR-3) (PR3) (Neutrophil proteinase 4) (NP-4) (P29) (Wegener autoantigen)	https://www.ncbi.nlm.nih.gov/gene/5657	immune cells	bone marrow*	195898-1.1
Amblyomma-americanum_evm.model.contig-48378-1.17	P40313	4.3	5	347	461	4	0.614	89.9	2.2	0.86	0.88	0.876	CTRL_HUMAN	Chymotrypsin-like protease CTRL-1 (EC 3.4.21.-)	https://www.ncbi.nlm.nih.gov/gene/1506	other	pancreas	48378-1.17
Amblyomma-americanum_evm.model.contig-48378-1.17	P08246	4.3	5	327	452	4	0.57	89	2.4	0.82	0.81	0.812	ELNE_HUMAN	Neutrophil elastase (EC 3.4.21.37) (Bone marrow serine protease) (Elastase-2) (Human leukocyte elastase) (HLE) (Medullasin) (PMN elastase)	none	immune cells	none	48378-1.17
Amblyomma-americanum_evm.model.contig-30987-1.8	P00746	4.3	5	233	317	2	0.437	86.9	2.4	0.54	0.85	0.788	CFAD_HUMAN	Complement factor D (EC 3.4.21.46) (Adipsin) (C3 convertase activator) (Properdin factor D)	https://www.ncbi.nlm.nih.gov/gene/1675	other	colon, fat, prostate	30987-1.8
Amblyomma-americanum_evm.model.contig-76089-1.2	Q8NF86	4.3	5	201	271	4	0.549	93.9	1.8	0.8	0.83	0.824	PRS33_HUMAN	Serine protease 33 (EC 3.4.21.-) (Serine protease EOS)	https://www.ncbi.nlm.nih.gov/gene/260429	immune cells	none	76089-1.2
Amblyomma-americanum_evm.model.contig-48378-1.17	P00746	4.3	5	342	477	1	0.567	86.2	3	0.83	0.85	0.846	CFAD_HUMAN	Complement factor D (EC 3.4.21.46) (Adipsin) (C3 convertase activator) (Properdin factor D)	https://www.ncbi.nlm.nih.gov/gene/1675	other	colon, fat, prostate	48378-1.17
Amblyomma-americanum_evm.model.contig-240510-1.2	Q8NF86	4.3	5	188	250	1	0.465	91.6	1.8	0.74	0.83	0.812	PRS33_HUMAN	Serine protease 33 (EC 3.4.21.-) (Serine protease EOS)	https://www.ncbi.nlm.nih.gov/gene/260429	immune cells	none	240510-1.2
Amblyomma-americanum_evm.model.contig-234199-1.1	A1L453	4.3	5	243	328	2	0.556	89	2.5	0.76	0.74	0.744	PRS38_HUMAN	Serine protease 38 (EC 3.4.21.-) (Marapsin-2)	https://www.ncbi.nlm.nih.gov/gene/339501	other	testis	234199-1.1
Amblyomma-americanum_evm.model.contig-30987-1.8	Q8NHM4	4.3	5	285	384	2	0.468	81.3	3.8	0.54	0.75	0.708	TRY6_HUMAN	Putative trypsin-6 (EC 3.4.21.4) (Serine protease 3 pseudogene 2) (Trypsinogen C)	https://www.ncbi.nlm.nih.gov/gene/?term=Homo+sapiens+Putative+trypsin-6	none	none	30987-1.8
Amblyomma-americanum_evm.model.contig-30987-1.8	Q9P0G3	4.3	5	305	400	2	0.558	87.6	2.4	0.53	0.83	0.77	KLK14_HUMAN	Kallikrein-14 (hK14) (EC 3.4.21.-) (Kallikrein-like protein 6) (KLK-L6)	https://www.ncbi.nlm.nih.gov/gene/43847	skin	skin	30987-1.8
Amblyomma-americanum_evm.model.contig-76089-1.2	A1L453	4.3	5	213	283	2	0.527	92	1.8	0.75	0.74	0.742	PRS38_HUMAN	Serine protease 38 (EC 3.4.21.-) (Marapsin-2)	https://www.ncbi.nlm.nih.gov/gene/339501	other	testis	76089-1.2
Amblyomma-americanum_evm.model.contig-128153-1.1	Q99895	4.3	5	297	400	4	0.547	87.2	2.8	0.76	0.87	0.848	CTRC_HUMAN	Chymotrypsin-C (EC 3.4.21.2) (Caldecrin)	https://www.ncbi.nlm.nih.gov/gene/11330	other	pancreas	128153-1.1
Amblyomma-americanum_evm.model.contig-48378-1.17	Q92876	4.2	5	300	443	3	0.616	92.4	1.9	0.85	0.87	0.866	KLK6_HUMAN	Kallikrein-6 (EC 3.4.21.-) (Neurosin) (Protease M) (SP59) (Serine protease 18) (Serine protease 9) (Zyme)	https://www.ncbi.nlm.nih.gov/gene/5653	other	esophagus, brain, kidney	48378-1.17
Amblyomma-americanum_evm.model.contig-48378-1.17	P10144	4.2	5	355	507	4	0.553	87.9	2.6	0.85	0.87	0.866	GRAB_HUMAN	Granzyme B (EC 3.4.21.79) (C11) (CTLA-1) (Cathepsin G-like 1) (CTSGL1) (Cytotoxic T-lymphocyte proteinase 2) (Lymphocyte protease) (Fragmentin-2) (Granzyme-2) (Human lymphocyte protein) (HLP) (SECT) (T-cell serine protease 1-3E)	https://www.ncbi.nlm.nih.gov/gene/3002	immune cells	bone marrow, appendix, lung, lymph node, spleen	48378-1.17
Amblyomma-americanum_evm.model.contig-234199-1.1	P24158	4.2	5	237	341	3	0.608	95.3	1.6	0.83	0.84	0.838	PRTN3_HUMAN	Myeloblastin (EC 3.4.21.76) (AGP7) (C-ANCA antigen) (Leukocyte proteinase 3) (PR-3) (PR3) (Neutrophil proteinase 4) (NP-4) (P29) (Wegener autoantigen)	https://www.ncbi.nlm.nih.gov/gene/5657	immune cells	bone marrow*	234199-1.1
Amblyomma-americanum_evm.model.contig-234199-1.1	P40313	4.2	5	240	328	1	0.601	93.7	1.7	0.85	0.88	0.874	CTRL_HUMAN	Chymotrypsin-like protease CTRL-1 (EC 3.4.21.-)	https://www.ncbi.nlm.nih.gov/gene/1506	other	pancreas	234199-1.1
Amblyomma-americanum_evm.model.contig-128153-1.1	P07477	4.2	5	240	363	2	0.466	82.9	3.3	0.78	0.82	0.812	TRY1_HUMAN	Serine protease 1 (EC 3.4.21.4) (Anionic trypsin I) (Anionic trypsin-I) (Beta-trypsin) (Cationic trypsinogen) (Pretrypsinogen I) (Trypsin I) (Trypsin-1) [Cleaved into: Alpha-trypsin chain 1; Alpha-trypsin chain 2]	https://www.ncbi.nlm.nih.gov/gene/5644	other	pancreas	128153-1.1
Amblyomma-americanum_evm.model.contig-195898-1.1	Q9UKQ9	4.2	5	245	360	2	0.454	82.7	3.8	0.57	0.82	0.77	KLK9_HUMAN	Kallikrein-9 (EC 3.4.21.-) (Kallikrein-like protein 3) (KLK-L3)	https://www.ncbi.nlm.nih.gov/gene/284366	skin	skin, esophagus	195898-1.1
Amblyomma-americanum_evm.model.contig-128153-1.1	P24158	4.2	5	252	360	4	0.472	85.8	2.9	0.74	0.81	0.796	PRTN3_HUMAN	Myeloblastin (EC 3.4.21.76) (AGP7) (C-ANCA antigen) (Leukocyte proteinase 3) (PR-3) (PR3) (Neutrophil proteinase 4) (NP-4) (P29) (Wegener autoantigen)	https://www.ncbi.nlm.nih.gov/gene/5657	immune cells	bone marrow*	128153-1.1
Amblyomma-americanum_evm.model.contig-76089-1.2	Q9H2R5	4.2	5	205	317	4	0.574	94.2	1.6	0.79	0.82	0.814	KLK15_HUMAN	Kallikrein-15 (EC 3.4.21.-) (ACO protease)	https://www.ncbi.nlm.nih.gov/gene/55554	other	colon, salivary gland, testis	76089-1.2
Amblyomma-americanum_evm.model.contig-234199-1.1	O60259	4.2	5	218	333	1	0.592	93.3	1.9	0.81	0.83	0.826	KLK8_HUMAN	Kallikrein-8 (hK8) (EC 3.4.21.118) (Neuropsin) (NP) (Ovasin) (Serine protease 19) (Serine protease TADG-14) (Tumor-associated differentially expressed gene 14 protein)	https://www.ncbi.nlm.nih.gov/gene/11202	skin	skin, esophagus	234199-1.1
Amblyomma-americanum_evm.model.contig-48378-1.17	P08218	4.2	5	327	494	3	0.605	88.5	2.5	0.86	0.86	0.86	CEL2B_HUMAN	Chymotrypsin-like elastase family member 2B (EC 3.4.21.71) (Elastase-2B)	https://www.ncbi.nlm.nih.gov/gene/51032	other	pancreas	48378-1.17
Amblyomma-americanum_evm.model.contig-30987-1.8	P10144	4.2	5	290	400	2	0.494	84.3	2.9	0.53	0.85	0.786	GRAB_HUMAN	Granzyme B (EC 3.4.21.79) (C11) (CTLA-1) (Cathepsin G-like 1) (CTSGL1) (Cytotoxic T-lymphocyte proteinase 2) (Lymphocyte protease) (Fragmentin-2) (Granzyme-2) (Human lymphocyte protein) (HLP) (SECT) (T-cell serine protease 1-3E)	https://www.ncbi.nlm.nih.gov/gene/3002	immune cells	bone marrow, appendix, lung, lymph node, spleen	30987-1.8
Amblyomma-americanum_evm.model.contig-48378-1.17	P17538	4.2	5	338	500	4	0.636	90.6	2.2	0.86	0.88	0.876	CTRB1_HUMAN	Chymotrypsinogen B (EC 3.4.21.1) [Cleaved into: Chymotrypsin B chain A; Chymotrypsin B chain B; Chymotrypsin B chain C]	https://www.ncbi.nlm.nih.gov/gene/1504	other	pancreas	48378-1.17
Amblyomma-americanum_evm.model.contig-48378-1.17	P20718	4.2	5	364	484	2	0.576	88.2	2.7	0.85	0.87	0.866	GRAH_HUMAN	Granzyme H (EC 3.4.21.-) (CCP-X) (Cathepsin G-like 2) (CTSGL2) (Cytotoxic T-lymphocyte proteinase) (Cytotoxic serine protease C) (CSP-C)	https://www.ncbi.nlm.nih.gov/gene/2999	immune cells	lymph nodes, bone marrow, spleen, lung	48378-1.17
Amblyomma-americanum_evm.model.contig-128153-1.1	O60259	4.1	5	249	379	3	0.453	82.7	3.5	0.71	0.76	0.75	KLK8_HUMAN	Kallikrein-8 (hK8) (EC 3.4.21.118) (Neuropsin) (NP) (Ovasin) (Serine protease 19) (Serine protease TADG-14) (Tumor-associated differentially expressed gene 14 protein)	https://www.ncbi.nlm.nih.gov/gene/11202	skin	skin, esophagus	128153-1.1
Amblyomma-americanum_evm.model.contig-128153-1.1	P07478	4.1	5	246	370	2	0.444	81.6	3.7	0.77	0.82	0.81	TRY2_HUMAN	Trypsin-2 (EC 3.4.21.4) (Anionic trypsinogen) (Serine protease 2) (Trypsin II)	https://www.ncbi.nlm.nih.gov/gene/5645	other	pancreas	128153-1.1
Amblyomma-americanum_evm.model.contig-128153-1.1	Q6GPI1	4.1	5	259	381	4	0.553	87.9	2.8	0.76	0.86	0.84	CTRB2_HUMAN	Chymotrypsinogen B2 (EC 3.4.21.1) [Cleaved into: Chymotrypsin B2 chain A; Chymotrypsin B2 chain B; Chymotrypsin B2 chain C]	https://www.ncbi.nlm.nih.gov/gene/?term=Homo+sapiens+chymotrypsinogen+B2	other	pancreas	128153-1.1
Amblyomma-americanum_evm.model.contig-195898-1.1	P20160	4.1	5	273	378	5	0.443	83.1	2.7	0.58	0.8	0.756	CAP7_HUMAN	Azurocidin (Cationic antimicrobial protein CAP37) (Heparin-binding protein) (HBP) (hHBP)	https://www.ncbi.nlm.nih.gov/gene/566	immune cells	bone marrow	195898-1.1
Amblyomma-americanum_evm.model.contig-30987-1.8	Q9Y5K2	4.1	5	220	344	4	0.491	88.7	2.2	0.54	0.85	0.788	KLK4_HUMAN	Kallikrein-4 (EC 3.4.21.-) (Enamel matrix serine proteinase 1) (Kallikrein-like protein 1) (KLK-L1) (Prostase) (Serine protease 17)	https://www.ncbi.nlm.nih.gov/gene/9622	other	prostate	30987-1.8
Amblyomma-americanum_evm.model.contig-30987-1.8	Q99895	4.1	5	300	441	2	0.579	88.6	2.3	0.56	0.86	0.8	CTRC_HUMAN	Chymotrypsin-C (EC 3.4.21.2) (Caldecrin)	https://www.ncbi.nlm.nih.gov/gene/11330	other	pancreas	30987-1.8
Amblyomma-americanum_evm.model.contig-195898-1.1	P40313	4.1	5	234	335	1	0.539	86.8	2.3	0.6	0.89	0.832	CTRL_HUMAN	Chymotrypsin-like protease CTRL-1 (EC 3.4.21.-)	https://www.ncbi.nlm.nih.gov/gene/1506	other	pancreas	195898-1.1
Amblyomma-americanum_evm.model.contig-30987-1.8	Q9UNI1	4.1	5	275	445	4	0.599	90	2.2	0.56	0.87	0.808	CELA1_HUMAN	Chymotrypsin-like elastase family member 1 (EC 3.4.21.36) (Elastase-1) (Pancreatic elastase 1)	https://www.ncbi.nlm.nih.gov/gene/1990	other	pancreas, adrenal	30987-1.8
Amblyomma-americanum_evm.model.contig-48378-1.17	Q9UKQ9	4.1	5	327	503	4	0.561	87.6	2.6	0.83	0.85	0.846	KLK9_HUMAN	Kallikrein-9 (EC 3.4.21.-) (Kallikrein-like protein 3) (KLK-L3)	https://www.ncbi.nlm.nih.gov/gene/284366	skin	skin, esophagus	48378-1.17
Amblyomma-americanum_evm.model.contig-30987-1.8	Q6GPI1	4.1	5	239	398	3	0.544	87.5	2.4	0.56	0.87	0.808	CTRB2_HUMAN	Chymotrypsinogen B2 (EC 3.4.21.1) [Cleaved into: Chymotrypsin B2 chain A; Chymotrypsin B2 chain B; Chymotrypsin B2 chain C]	https://www.ncbi.nlm.nih.gov/gene/?term=Homo+sapiens+chymotrypsinogen+B2	other	pancreas	30987-1.8
Amblyomma-americanum_evm.model.contig-30987-1.8	P08218	4	5	267	413	2	0.531	85.7	2.4	0.56	0.86	0.8	CEL2B_HUMAN	Chymotrypsin-like elastase family member 2B (EC 3.4.21.71) (Elastase-2B)	https://www.ncbi.nlm.nih.gov/gene/51032	other	pancreas	30987-1.8
Amblyomma-americanum_evm.model.contig-30987-1.8	Q9UKR0	4	5	247	402	2	0.516	86.4	2.4	0.55	0.87	0.806	KLK12_HUMAN	Kallikrein-12 (EC 3.4.21.-) (Kallikrein-like protein 5) (KLK-L5)	https://www.ncbi.nlm.nih.gov/gene/43849	other	esophagus, colon, salivary gland	30987-1.8
Amblyomma-americanum_evm.model.contig-114817-1.1	Q8NF86	4	5	160	321	4	0.497	84.4	3.5	0.71	0.81	0.79	PRS33_HUMAN	Serine protease 33 (EC 3.4.21.-) (Serine protease EOS)	https://www.ncbi.nlm.nih.gov/gene/260429	immune cells	none	114817-1.1
Amblyomma-americanum_evm.model.contig-30987-1.8	P51124	4	5	279	443	2	0.597	89.5	2.2	0.55	0.85	0.79	GRAM_HUMAN	Granzyme M (EC 3.4.21.-) (Met-1 serine protease) (Hu-Met-1) (Met-ase) (Natural killer cell granular protease)	https://www.ncbi.nlm.nih.gov/gene/3004	immune cells	spleen, lymph node, bone marrow, appendix	30987-1.8
Amblyomma-americanum_evm.model.contig-30987-1.8	P17538	3.9	5	227	381	3	0.524	86.5	2.5	0.56	0.86	0.8	CTRB1_HUMAN	Chymotrypsinogen B (EC 3.4.21.1) [Cleaved into: Chymotrypsin B chain A; Chymotrypsin B chain B; Chymotrypsin B chain C]	https://www.ncbi.nlm.nih.gov/gene/1504	other	pancreas	30987-1.8
Amblyomma-americanum_evm.model.contig-195898-1.1	P08311	3.9	5	319	539	3	0.59	87.8	2.2	0.61	0.87	0.818	CATG_HUMAN	Cathepsin G (CG) (EC 3.4.21.20) [Cleaved into: Cathepsin G  C-terminal truncated form]	https://www.ncbi.nlm.nih.gov/gene/1511	immune cells	bone marrow	195898-1.1
Amblyomma-americanum_evm.model.contig-128153-1.1	P08217	3.8	5	285	451	2	0.565	86.3	2.3	0.84	0.87	0.864	CEL2A_HUMAN	Chymotrypsin-like elastase family member 2A (EC 3.4.21.71) (Elastase-2A)	https://www.ncbi.nlm.nih.gov/gene/63036	other	pancreas	128153-1.1
Amblyomma-americanum_evm.model.contig-195898-1.1	Q8NF86	3.8	5	217	373	2	0.516	78.5	5.3	0.6	0.8	0.76	PRS33_HUMAN	Serine protease 33 (EC 3.4.21.-) (Serine protease EOS)	https://www.ncbi.nlm.nih.gov/gene/260429	immune cells	none	195898-1.1
Amblyomma-americanum_evm.model.contig-128153-1.1	P20151	3.8	5	309	531	4	0.538	82.2	3.7	0.76	0.8	0.792	KLK2_HUMAN	Kallikrein-2 (EC 3.4.21.35) (Glandular kallikrein-1) (hGK-1) (Tissue kallikrein-2)	https://www.ncbi.nlm.nih.gov/gene/3817	other	prostate	128153-1.1
Amblyomma-americanum_evm.model.contig-128153-1.1	Q9UNI1	3.8	5	265	464	5	0.511	82.4	3.5	0.76	0.81	0.8	CELA1_HUMAN	Chymotrypsin-like elastase family member 1 (EC 3.4.21.36) (Elastase-1) (Pancreatic elastase 1)	https://www.ncbi.nlm.nih.gov/gene/1990	other	pancreas, adrenal	128153-1.1
Amblyomma-americanum_evm.model.contig-128153-1.1	Q9P0G3	3.8	5	232	381	3	0.505	85.1	3	0.71	0.77	0.758	KLK14_HUMAN	Kallikrein-14 (hK14) (EC 3.4.21.-) (Kallikrein-like protein 6) (KLK-L6)	https://www.ncbi.nlm.nih.gov/gene/43847	skin	skin	128153-1.1
Amblyomma-americanum_evm.model.contig-30987-1.8	O60259	3.7	5	212	417	4	0.482	80.5	3.8	0.52	0.81	0.752	KLK8_HUMAN	Kallikrein-8 (hK8) (EC 3.4.21.118) (Neuropsin) (NP) (Ovasin) (Serine protease 19) (Serine protease TADG-14) (Tumor-associated differentially expressed gene 14 protein)	https://www.ncbi.nlm.nih.gov/gene/11202	skin	skin, esophagus	30987-1.8
Amblyomma-americanum_evm.model.contig-240510-1.2	Q9P0G3	3.7	5	211	334	1	0.53	89.1	2.7	0.72	0.81	0.792	KLK14_HUMAN	Kallikrein-14 (hK14) (EC 3.4.21.-) (Kallikrein-like protein 6) (KLK-L6)	https://www.ncbi.nlm.nih.gov/gene/43847	skin	skin	240510-1.2
Amblyomma-americanum_evm.model.contig-195898-1.1	Q8NHM4	3.7	5	167	320	4	0.43	70	10.3	0.58	0.83	0.78	TRY6_HUMAN	Putative trypsin-6 (EC 3.4.21.4) (Serine protease 3 pseudogene 2) (Trypsinogen C)	https://www.ncbi.nlm.nih.gov/gene/?term=Homo+sapiens+Putative+trypsin-6	none	none	195898-1.1
Amblyomma-americanum_evm.model.contig-30987-1.8	Q9UKQ9	3.7	5	229	410	1	0.479	83.5	3.2	0.53	0.81	0.754	KLK9_HUMAN	Kallikrein-9 (EC 3.4.21.-) (Kallikrein-like protein 3) (KLK-L3)	https://www.ncbi.nlm.nih.gov/gene/284366	skin	skin, esophagus	30987-1.8
Amblyomma-americanum_evm.model.contig-30987-1.8	P06870	3.7	5	265	479	1	0.484	78.8	4.1	0.55	0.81	0.758	KLK1_HUMAN	Kallikrein-1 (EC 3.4.21.35) (Kidney/pancreas/salivary gland kallikrein) (Tissue kallikrein)	https://www.ncbi.nlm.nih.gov/gene/3816	other	salivary gland, pancreas	30987-1.8
Amblyomma-americanum_evm.model.contig-195898-1.1	Q9H2R5	3.6	5	313	583	4	0.53	81.7	4.9	0.62	0.84	0.796	KLK15_HUMAN	Kallikrein-15 (EC 3.4.21.-) (ACO protease)	https://www.ncbi.nlm.nih.gov/gene/55554	other	colon, salivary gland, testis	195898-1.1
Amblyomma-americanum_evm.model.contig-240510-1.2	P00746	3.6	5	2	256	1	0.527	92.2	1.8	0.73	0.85	0.826	CFAD_HUMAN	Complement factor D (EC 3.4.21.46) (Adipsin) (C3 convertase activator) (Properdin factor D)	https://www.ncbi.nlm.nih.gov/gene/1675	other	colon, fat, prostate	240510-1.2
Amblyomma-americanum_evm.model.contig-240510-1.2	P20718	3.6	4	261	316	2	0.597	92.9	1.8	0.73	0.86	0.834	GRAH_HUMAN	Granzyme H (EC 3.4.21.-) (CCP-X) (Cathepsin G-like 2) (CTSGL2) (Cytotoxic T-lymphocyte proteinase) (Cytotoxic serine protease C) (CSP-C)	https://www.ncbi.nlm.nih.gov/gene/2999	immune cells	lymph nodes, bone marrow, spleen, lung	240510-1.2
Amblyomma-americanum_evm.model.contig-48378-1.17	P49862	3.5	4	333	427	4	0.583	90	2.4	0.83	0.85	0.846	KLK7_HUMAN	Kallikrein-7 (hK7) (EC 3.4.21.117) (Serine protease 6) (Stratum corneum chymotryptic enzyme) (hSCCE)	https://www.ncbi.nlm.nih.gov/gene/5650	skin	skin, esophagus	48378-1.17
Amblyomma-americanum_evm.model.contig-240510-1.2	P40313	3.5	4	240	298	1	0.543	94	1.6	0.78	0.88	0.86	CTRL_HUMAN	Chymotrypsin-like protease CTRL-1 (EC 3.4.21.-)	https://www.ncbi.nlm.nih.gov/gene/1506	other	pancreas	240510-1.2
Amblyomma-americanum_evm.model.contig-195898-1.1	P10144	3.5	5	268	497	4	0.453	77.1	5.7	0.6	0.8	0.76	GRAB_HUMAN	Granzyme B (EC 3.4.21.79) (C11) (CTLA-1) (Cathepsin G-like 1) (CTSGL1) (Cytotoxic T-lymphocyte proteinase 2) (Lymphocyte protease) (Fragmentin-2) (Granzyme-2) (Human lymphocyte protein) (HLP) (SECT) (T-cell serine protease 1-3E)	https://www.ncbi.nlm.nih.gov/gene/3002	immune cells	bone marrow, appendix, lung, lymph node, spleen	195898-1.1
Amblyomma-americanum_evm.model.contig-76089-1.2	Q8NHM4	3.5	5	153	363	4	0.597	97.2	1.4	0.81	0.86	0.85	TRY6_HUMAN	Putative trypsin-6 (EC 3.4.21.4) (Serine protease 3 pseudogene 2) (Trypsinogen C)	https://www.ncbi.nlm.nih.gov/gene/?term=Homo+sapiens+Putative+trypsin-6	none	none	76089-1.2
Amblyomma-americanum_evm.model.contig-195898-1.1	A1L453	3.5	5	245	509	1	0.489	80.2	4.1	0.6	0.74	0.712	PRS38_HUMAN	Serine protease 38 (EC 3.4.21.-) (Marapsin-2)	https://www.ncbi.nlm.nih.gov/gene/339501	other	testis	195898-1.1
Amblyomma-americanum_evm.model.contig-48378-1.17	Q9P0G3	3.5	4	341	424	5	0.627	93.3	1.9	0.83	0.82	0.822	KLK14_HUMAN	Kallikrein-14 (hK14) (EC 3.4.21.-) (Kallikrein-like protein 6) (KLK-L6)	https://www.ncbi.nlm.nih.gov/gene/43847	skin	skin	48378-1.17
Amblyomma-americanum_evm.model.contig-128153-1.1	P08218	3.4	5	251	480	3	0.441	80.9	3.1	0.79	0.81	0.806	CEL2B_HUMAN	Chymotrypsin-like elastase family member 2B (EC 3.4.21.71) (Elastase-2B)	https://www.ncbi.nlm.nih.gov/gene/51032	other	pancreas	128153-1.1
Amblyomma-americanum_evm.model.contig-30987-1.8	Q15661	3.4	4	215	298	4	0.3	76.7	4.4	0.53	0.69	0.658	TRYB1_HUMAN	Tryptase alpha/beta-1 (Tryptase-1) (EC 3.4.21.59) (Tryptase I) (Tryptase alpha-1)	https://www.ncbi.nlm.nih.gov/gene/?term=Homo+sapiens+tryptase+alpha%2Fbeta-1	immune cells	gall bladder, colon, lung, stomach	30987-1.8
Amblyomma-americanum_evm.model.contig-30987-1.8	Q8NF86	3.3	5	186	452	4	0.59	87.5	2.4	0.55	0.84	0.782	PRS33_HUMAN	Serine protease 33 (EC 3.4.21.-) (Serine protease EOS)	https://www.ncbi.nlm.nih.gov/gene/260429	immune cells	none	30987-1.8
Amblyomma-americanum_evm.model.contig-114817-1.1	Q9H2R5	3.2	5	8	325	2	0.569	89.6	2.2	0.7	0.82	0.796	KLK15_HUMAN	Kallikrein-15 (EC 3.4.21.-) (ACO protease)	https://www.ncbi.nlm.nih.gov/gene/55554	other	colon, salivary gland, testis	114817-1.1
Amblyomma-americanum_evm.model.contig-195898-1.1	P00746	3.2	4	181	297	2	0.49	82.2	3.9	0.57	0.78	0.738	CFAD_HUMAN	Complement factor D (EC 3.4.21.46) (Adipsin) (C3 convertase activator) (Properdin factor D)	https://www.ncbi.nlm.nih.gov/gene/1675	other	colon, fat, prostate	195898-1.1
Amblyomma-americanum_evm.model.contig-128153-1.1	Q9UKQ9	3.1	5	11	486	2	0.493	81	4.2	0.75	0.82	0.806	KLK9_HUMAN	Kallikrein-9 (EC 3.4.21.-) (Kallikrein-like protein 3) (KLK-L3)	https://www.ncbi.nlm.nih.gov/gene/284366	skin	skin, esophagus	128153-1.1
Amblyomma-americanum_evm.model.contig-76089-1.2	P40313	3.1	5	23	381	5	0.603	95.5	1.5	0.83	0.87	0.862	CTRL_HUMAN	Chymotrypsin-like protease CTRL-1 (EC 3.4.21.-)	https://www.ncbi.nlm.nih.gov/gene/1506	other	pancreas	76089-1.2
Amblyomma-americanum_evm.model.contig-234199-1.1	Q8NHM4	3.1	5	16	328	4	0.575	95	1.7	0.83	0.85	0.846	TRY6_HUMAN	Putative trypsin-6 (EC 3.4.21.4) (Serine protease 3 pseudogene 2) (Trypsinogen C)	https://www.ncbi.nlm.nih.gov/gene/?term=Homo+sapiens+Putative+trypsin-6	none	none	234199-1.1
Amblyomma-americanum_evm.model.contig-240510-1.2	P20160	3.1	5	40	375	3	0.511	91.8	1.7	0.72	0.82	0.8	CAP7_HUMAN	Azurocidin (Cationic antimicrobial protein CAP37) (Heparin-binding protein) (HBP) (hHBP)	https://www.ncbi.nlm.nih.gov/gene/566	immune cells	bone marrow	240510-1.2
Amblyomma-americanum_evm.model.contig-234199-1.1	P09093	3.1	5	39	456	1	0.628	93.4	1.9	0.83	0.84	0.838	CEL3A_HUMAN	Chymotrypsin-like elastase family member 3A (EC 3.4.21.70) (Elastase IIIA) (Elastase-3A) (Protease E)	https://www.ncbi.nlm.nih.gov/gene/10136	other	pancreas	234199-1.1
Amblyomma-americanum_evm.model.contig-234199-1.1	Q9H2R5	3	5	13	458	2	0.58	89.4	2.4	0.82	0.83	0.828	KLK15_HUMAN	Kallikrein-15 (EC 3.4.21.-) (ACO protease)	https://www.ncbi.nlm.nih.gov/gene/55554	other	colon, salivary gland, testis	234199-1.1
Amblyomma-americanum_evm.model.contig-76089-1.2	P10144	3	5	30	455	4	0.593	92.7	1.8	0.8	0.85	0.84	GRAB_HUMAN	Granzyme B (EC 3.4.21.79) (C11) (CTLA-1) (Cathepsin G-like 1) (CTSGL1) (Cytotoxic T-lymphocyte proteinase 2) (Lymphocyte protease) (Fragmentin-2) (Granzyme-2) (Human lymphocyte protein) (HLP) (SECT) (T-cell serine protease 1-3E)	https://www.ncbi.nlm.nih.gov/gene/3002	immune cells	bone marrow, appendix, lung, lymph node, spleen	76089-1.2
Amblyomma-americanum_evm.model.contig-128153-1.1	P49862	3	5	9	391	2	0.426	81.4	2.6	0.76	0.79	0.784	KLK7_HUMAN	Kallikrein-7 (hK7) (EC 3.4.21.117) (Serine protease 6) (Stratum corneum chymotryptic enzyme) (hSCCE)	https://www.ncbi.nlm.nih.gov/gene/5650	skin	skin, esophagus	128153-1.1
Amblyomma-americanum_evm.model.contig-114817-1.1	P08861	3	5	7	443	2	0.584	90.4	2.7	0.73	0.85	0.826	CEL3B_HUMAN	Chymotrypsin-like elastase family member 3B (EC 3.4.21.70) (Elastase IIIB) (Elastase-3B) (Protease E)	https://www.ncbi.nlm.nih.gov/gene/23436	other	pancreas	114817-1.1
Amblyomma-americanum_evm.model.contig-234199-1.1	P20160	3	5	59	447	4	0.59	90.4	2	0.81	0.82	0.818	CAP7_HUMAN	Azurocidin (Cationic antimicrobial protein CAP37) (Heparin-binding protein) (HBP) (hHBP)	https://www.ncbi.nlm.nih.gov/gene/566	immune cells	bone marrow	234199-1.1
Amblyomma-americanum_evm.model.contig-128153-1.1	P08246	2.9	5	3	413	4	0.476	81.8	3.5	0.71	0.73	0.726	ELNE_HUMAN	Neutrophil elastase (EC 3.4.21.37) (Bone marrow serine protease) (Elastase-2) (Human leukocyte elastase) (HLE) (Medullasin) (PMN elastase)	none	immune cells	none	128153-1.1
Amblyomma-americanum_evm.model.contig-128153-1.1	P08861	2.9	5	66	527	4	0.471	82.9	3.4	0.72	0.78	0.768	CEL3B_HUMAN	Chymotrypsin-like elastase family member 3B (EC 3.4.21.70) (Elastase IIIB) (Elastase-3B) (Protease E)	https://www.ncbi.nlm.nih.gov/gene/23436	other	pancreas	128153-1.1
Amblyomma-americanum_evm.model.contig-76089-1.2	Q9P0G3	2.8	5	12	348	1	0.587	96.8	1.5	0.78	0.82	0.812	KLK14_HUMAN	Kallikrein-14 (hK14) (EC 3.4.21.-) (Kallikrein-like protein 6) (KLK-L6)	https://www.ncbi.nlm.nih.gov/gene/43847	skin	skin	76089-1.2
Amblyomma-americanum_evm.model.contig-76089-1.2	Q92876	2.8	5	63	442	1	0.582	96.2	1.5	0.81	0.86	0.85	KLK6_HUMAN	Kallikrein-6 (EC 3.4.21.-) (Neurosin) (Protease M) (SP59) (Serine protease 18) (Serine protease 9) (Zyme)	https://www.ncbi.nlm.nih.gov/gene/5653	other	esophagus, brain, kidney	76089-1.2
Amblyomma-americanum_evm.model.contig-128153-1.1	P17538	2.7	5	67	596	4	0.547	86.3	3	0.77	0.85	0.834	CTRB1_HUMAN	Chymotrypsinogen B (EC 3.4.21.1) [Cleaved into: Chymotrypsin B chain A; Chymotrypsin B chain B; Chymotrypsin B chain C]	https://www.ncbi.nlm.nih.gov/gene/1504	other	pancreas	128153-1.1
Amblyomma-americanum_evm.model.contig-48378-1.17	Q99895	2.7	5	60	796	3	0.637	91.6	2.1	0.87	0.89	0.886	CTRC_HUMAN	Chymotrypsin-C (EC 3.4.21.2) (Caldecrin)	https://www.ncbi.nlm.nih.gov/gene/11330	other	pancreas	48378-1.17
Amblyomma-americanum_evm.model.contig-240510-1.2	Q6GPI1	2.7	4	235	423	4	0.595	95.4	1.5	0.76	0.88	0.856	CTRB2_HUMAN	Chymotrypsinogen B2 (EC 3.4.21.1) [Cleaved into: Chymotrypsin B2 chain A; Chymotrypsin B2 chain B; Chymotrypsin B2 chain C]	https://www.ncbi.nlm.nih.gov/gene/?term=Homo+sapiens+chymotrypsinogen+B2	other	pancreas	240510-1.2
Amblyomma-americanum_evm.model.contig-195898-1.1	P07478	2.6	4	217	450	4	0.496	89.6	2.1	0.59	0.87	0.814	TRY2_HUMAN	Trypsin-2 (EC 3.4.21.4) (Anionic trypsinogen) (Serine protease 2) (Trypsin II)	https://www.ncbi.nlm.nih.gov/gene/5645	other	pancreas	195898-1.1
Amblyomma-americanum_evm.model.contig-128153-1.1	Q8NF86	2.6	4	18	361	3	0.397	81.2	3.9	0.74	0.72	0.724	PRS33_HUMAN	Serine protease 33 (EC 3.4.21.-) (Serine protease EOS)	https://www.ncbi.nlm.nih.gov/gene/260429	immune cells	none	128153-1.1
Amblyomma-americanum_evm.model.contig-195898-1.1	Q92876	2.6	4	266	552	1	0.523	86.1	2.8	0.58	0.86	0.804	KLK6_HUMAN	Kallikrein-6 (EC 3.4.21.-) (Neurosin) (Protease M) (SP59) (Serine protease 18) (Serine protease 9) (Zyme)	https://www.ncbi.nlm.nih.gov/gene/5653	other	esophagus, brain, kidney	195898-1.1
Amblyomma-americanum_evm.model.contig-240510-1.2	P07477	2.6	5	19	210	2	0.271	66.1	11	0.63	0.23	0.31	TRY1_HUMAN	Serine protease 1 (EC 3.4.21.4) (Anionic trypsin I) (Anionic trypsin-I) (Beta-trypsin) (Cationic trypsinogen) (Pretrypsinogen I) (Trypsin I) (Trypsin-1) [Cleaved into: Alpha-trypsin chain 1; Alpha-trypsin chain 2]	https://www.ncbi.nlm.nih.gov/gene/5644	other	pancreas	240510-1.2
Amblyomma-americanum_evm.model.contig-8661-1.1	P08218	2.6	3	264	344	5	0.415	76.5	3.6	0.76	0.71	0.72	CEL2B_HUMAN	Chymotrypsin-like elastase family member 2B (EC 3.4.21.71) (Elastase-2B)	https://www.ncbi.nlm.nih.gov/gene/51032	other	pancreas	8661-1.1
Amblyomma-americanum_evm.model.contig-240510-1.2	Q9UKR0	2.6	5	13	365	1	0.468	92	1.7	0.74	0.85	0.828	KLK12_HUMAN	Kallikrein-12 (EC 3.4.21.-) (Kallikrein-like protein 5) (KLK-L5)	https://www.ncbi.nlm.nih.gov/gene/43849	other	esophagus, colon, salivary gland	240510-1.2
Amblyomma-americanum_evm.model.contig-128153-1.1	Q9H2R5	2.5	5	19	490	2	0.525	82.3	3.4	0.75	0.83	0.814	KLK15_HUMAN	Kallikrein-15 (EC 3.4.21.-) (ACO protease)	https://www.ncbi.nlm.nih.gov/gene/55554	other	colon, salivary gland, testis	128153-1.1
Amblyomma-americanum_evm.model.contig-128153-1.1	P06870	2.5	5	22	578	3	0.495	80.1	3.2	0.7	0.76	0.748	KLK1_HUMAN	Kallikrein-1 (EC 3.4.21.35) (Kidney/pancreas/salivary gland kallikrein) (Tissue kallikrein)	https://www.ncbi.nlm.nih.gov/gene/3816	other	salivary gland, pancreas	128153-1.1
Amblyomma-americanum_evm.model.contig-195898-1.1	P08217	2.5	4	283	605	2	0.532	86.7	2.6	0.61	0.89	0.834	CEL2A_HUMAN	Chymotrypsin-like elastase family member 2A (EC 3.4.21.71) (Elastase-2A)	https://www.ncbi.nlm.nih.gov/gene/63036	other	pancreas	195898-1.1
Amblyomma-americanum_evm.model.contig-195898-1.1	Q9Y5K2	2.5	4	261	587	2	0.496	84.7	2.3	0.58	0.84	0.788	KLK4_HUMAN	Kallikrein-4 (EC 3.4.21.-) (Enamel matrix serine proteinase 1) (Kallikrein-like protein 1) (KLK-L1) (Prostase) (Serine protease 17)	https://www.ncbi.nlm.nih.gov/gene/9622	other	prostate	195898-1.1
Amblyomma-americanum_evm.model.contig-8661-1.1	P20160	2.5	5	17	314	4	0.331	73.3	4.4	0.73	0.55	0.586	CAP7_HUMAN	Azurocidin (Cationic antimicrobial protein CAP37) (Heparin-binding protein) (HBP) (hHBP)	https://www.ncbi.nlm.nih.gov/gene/566	immune cells	bone marrow	8661-1.1
Amblyomma-americanum_evm.model.contig-240510-1.2	P10144	2.5	5	18	506	4	0.513	91.9	1.9	0.75	0.87	0.846	GRAB_HUMAN	Granzyme B (EC 3.4.21.79) (C11) (CTLA-1) (Cathepsin G-like 1) (CTSGL1) (Cytotoxic T-lymphocyte proteinase 2) (Lymphocyte protease) (Fragmentin-2) (Granzyme-2) (Human lymphocyte protein) (HLP) (SECT) (T-cell serine protease 1-3E)	https://www.ncbi.nlm.nih.gov/gene/3002	immune cells	bone marrow, appendix, lung, lymph node, spleen	240510-1.2
Amblyomma-americanum_evm.model.contig-114817-1.1	Q92876	2.4	3	241	511	1	0.533	92.2	1.8	0.71	0.85	0.822	KLK6_HUMAN	Kallikrein-6 (EC 3.4.21.-) (Neurosin) (Protease M) (SP59) (Serine protease 18) (Serine protease 9) (Zyme)	https://www.ncbi.nlm.nih.gov/gene/5653	other	esophagus, brain, kidney	114817-1.1
Amblyomma-americanum_evm.model.contig-114817-1.1	P09093	2.4	4	259	628	2	0.566	92.1	1.9	0.73	0.85	0.826	CEL3A_HUMAN	Chymotrypsin-like elastase family member 3A (EC 3.4.21.70) (Elastase IIIA) (Elastase-3A) (Protease E)	https://www.ncbi.nlm.nih.gov/gene/10136	other	pancreas	114817-1.1
Amblyomma-americanum_evm.model.contig-195898-1.1	Q9UNI1	2.4	4	301	705	3	0.51	83.2	2.9	0.59	0.83	0.782	CELA1_HUMAN	Chymotrypsin-like elastase family member 1 (EC 3.4.21.36) (Elastase-1) (Pancreatic elastase 1)	https://www.ncbi.nlm.nih.gov/gene/1990	other	pancreas, adrenal	195898-1.1
Amblyomma-americanum_evm.model.contig-114817-1.1	Q9UNI1	2.4	3	297	623	2	0.565	92.1	1.9	0.73	0.86	0.834	CELA1_HUMAN	Chymotrypsin-like elastase family member 1 (EC 3.4.21.36) (Elastase-1) (Pancreatic elastase 1)	https://www.ncbi.nlm.nih.gov/gene/1990	other	pancreas, adrenal	114817-1.1
Amblyomma-americanum_evm.model.contig-195898-1.1	Q99895	2.4	3	301	646	3	0.549	92	1.8	0.6	0.89	0.832	CTRC_HUMAN	Chymotrypsin-C (EC 3.4.21.2) (Caldecrin)	https://www.ncbi.nlm.nih.gov/gene/11330	other	pancreas	195898-1.1
Amblyomma-americanum_evm.model.contig-240510-1.2	Q9Y5K2	2.4	5	19	397	4	0.513	94.8	1.5	0.73	0.84	0.818	KLK4_HUMAN	Kallikrein-4 (EC 3.4.21.-) (Enamel matrix serine proteinase 1) (Kallikrein-like protein 1) (KLK-L1) (Prostase) (Serine protease 17)	https://www.ncbi.nlm.nih.gov/gene/9622	other	prostate	240510-1.2
Amblyomma-americanum_evm.model.contig-114817-1.1	P20718	2.4	4	270	640	1	0.534	88	2.4	0.72	0.85	0.824	GRAH_HUMAN	Granzyme H (EC 3.4.21.-) (CCP-X) (Cathepsin G-like 2) (CTSGL2) (Cytotoxic T-lymphocyte proteinase) (Cytotoxic serine protease C) (CSP-C)	https://www.ncbi.nlm.nih.gov/gene/2999	immune cells	lymph nodes, bone marrow, spleen, lung	114817-1.1
Amblyomma-americanum_evm.model.contig-114817-1.1	P08217	2.4	4	274	650	2	0.59	90.3	2.1	0.76	0.88	0.856	CEL2A_HUMAN	Chymotrypsin-like elastase family member 2A (EC 3.4.21.71) (Elastase-2A)	https://www.ncbi.nlm.nih.gov/gene/63036	other	pancreas	114817-1.1
Amblyomma-americanum_evm.model.contig-114817-1.1	P20160	2.4	4	236	531	4	0.546	90.5	1.9	0.69	0.82	0.794	CAP7_HUMAN	Azurocidin (Cationic antimicrobial protein CAP37) (Heparin-binding protein) (HBP) (hHBP)	https://www.ncbi.nlm.nih.gov/gene/566	immune cells	bone marrow	114817-1.1
Amblyomma-americanum_evm.model.contig-114817-1.1	P40313	2.4	4	237	525	2	0.61	90.7	1.7	0.73	0.87	0.842	CTRL_HUMAN	Chymotrypsin-like protease CTRL-1 (EC 3.4.21.-)	https://www.ncbi.nlm.nih.gov/gene/1506	other	pancreas	114817-1.1
Amblyomma-americanum_evm.model.contig-240510-1.2	P49862	2.4	4	13	354	3	0.522	92.4	1.9	0.74	0.84	0.82	KLK7_HUMAN	Kallikrein-7 (hK7) (EC 3.4.21.117) (Serine protease 6) (Stratum corneum chymotryptic enzyme) (hSCCE)	https://www.ncbi.nlm.nih.gov/gene/5650	skin	skin, esophagus	240510-1.2
Amblyomma-americanum_evm.model.contig-30987-1.8	P49862	2.4	5	68	626	1	0.539	91.3	2	0.53	0.85	0.786	KLK7_HUMAN	Kallikrein-7 (hK7) (EC 3.4.21.117) (Serine protease 6) (Stratum corneum chymotryptic enzyme) (hSCCE)	https://www.ncbi.nlm.nih.gov/gene/5650	skin	skin, esophagus	30987-1.8
Amblyomma-americanum_evm.model.contig-76089-1.2	P09093	2.4	5	49	474	1	0.609	95.7	1.6	0.8	0.83	0.824	CEL3A_HUMAN	Chymotrypsin-like elastase family member 3A (EC 3.4.21.70) (Elastase IIIA) (Elastase-3A) (Protease E)	https://www.ncbi.nlm.nih.gov/gene/10136	other	pancreas	76089-1.2
Amblyomma-americanum_evm.model.contig-76089-1.2	Q9UNI1	2.3	5	32	534	2	0.596	93.8	1.8	0.82	0.84	0.836	CELA1_HUMAN	Chymotrypsin-like elastase family member 1 (EC 3.4.21.36) (Elastase-1) (Pancreatic elastase 1)	https://www.ncbi.nlm.nih.gov/gene/1990	other	pancreas, adrenal	76089-1.2
Amblyomma-americanum_evm.model.contig-234199-1.1	P06870	2.3	5	26	620	1	0.634	90.5	2.3	0.82	0.84	0.836	KLK1_HUMAN	Kallikrein-1 (EC 3.4.21.35) (Kidney/pancreas/salivary gland kallikrein) (Tissue kallikrein)	https://www.ncbi.nlm.nih.gov/gene/3816	other	salivary gland, pancreas	234199-1.1
Amblyomma-americanum_evm.model.contig-234199-1.1	Q9Y5K2	2.3	5	32	501	1	0.563	90.9	2.2	0.82	0.83	0.828	KLK4_HUMAN	Kallikrein-4 (EC 3.4.21.-) (Enamel matrix serine proteinase 1) (Kallikrein-like protein 1) (KLK-L1) (Prostase) (Serine protease 17)	https://www.ncbi.nlm.nih.gov/gene/9622	other	prostate	234199-1.1
Amblyomma-americanum_evm.model.contig-195898-1.1	P51124	2.3	4	237	622	4	0.544	88.9	2.2	0.58	0.84	0.788	GRAM_HUMAN	Granzyme M (EC 3.4.21.-) (Met-1 serine protease) (Hu-Met-1) (Met-ase) (Natural killer cell granular protease)	https://www.ncbi.nlm.nih.gov/gene/3004	immune cells	spleen, lymph node, bone marrow, appendix	195898-1.1
Amblyomma-americanum_evm.model.contig-76089-1.2	P23946	2.3	3	266	515	4	0.617	93.6	1.8	0.81	0.85	0.842	CMA1_HUMAN	Chymase (EC 3.4.21.39) (Alpha-chymase) (Mast cell protease I)	https://www.ncbi.nlm.nih.gov/gene/1215	immune cells	colon, esophagus, gall bladder, small intenstine	76089-1.2
Amblyomma-americanum_evm.model.contig-128153-1.1	P10144	2.3	4	62	552	2	0.434	77.8	4.8	0.74	0.79	0.78	GRAB_HUMAN	Granzyme B (EC 3.4.21.79) (C11) (CTLA-1) (Cathepsin G-like 1) (CTSGL1) (Cytotoxic T-lymphocyte proteinase 2) (Lymphocyte protease) (Fragmentin-2) (Granzyme-2) (Human lymphocyte protein) (HLP) (SECT) (T-cell serine protease 1-3E)	https://www.ncbi.nlm.nih.gov/gene/3002	immune cells	bone marrow, appendix, lung, lymph node, spleen	128153-1.1
Amblyomma-americanum_evm.model.contig-114817-1.1	A1L453	2.3	3	222	526	2	0.529	85.4	2.5	0.68	0.74	0.728	PRS38_HUMAN	Serine protease 38 (EC 3.4.21.-) (Marapsin-2)	https://www.ncbi.nlm.nih.gov/gene/339501	other	testis	114817-1.1
Amblyomma-americanum_evm.model.contig-195898-1.1	P23946	2.3	4	243	614	2	0.498	80.1	7.1	0.58	0.85	0.796	CMA1_HUMAN	Chymase (EC 3.4.21.39) (Alpha-chymase) (Mast cell protease I)	https://www.ncbi.nlm.nih.gov/gene/1215	immune cells	colon, esophagus, gall bladder, small intenstine	195898-1.1
Amblyomma-americanum_evm.model.contig-76089-1.2	P08861	2.3	5	47	461	2	0.574	91.2	2.3	0.79	0.77	0.774	CEL3B_HUMAN	Chymotrypsin-like elastase family member 3B (EC 3.4.21.70) (Elastase IIIB) (Elastase-3B) (Protease E)	https://www.ncbi.nlm.nih.gov/gene/23436	other	pancreas	76089-1.2
Amblyomma-americanum_evm.model.contig-240510-1.2	P09093	2.3	5	2	462	2	0.582	94.5	1.6	0.75	0.85	0.83	CEL3A_HUMAN	Chymotrypsin-like elastase family member 3A (EC 3.4.21.70) (Elastase IIIA) (Elastase-3A) (Protease E)	https://www.ncbi.nlm.nih.gov/gene/10136	other	pancreas	240510-1.2
Amblyomma-americanum_evm.model.contig-240510-1.2	Q92876	2.3	4	3	346	1	0.532	94.7	1.6	0.73	0.86	0.834	KLK6_HUMAN	Kallikrein-6 (EC 3.4.21.-) (Neurosin) (Protease M) (SP59) (Serine protease 18) (Serine protease 9) (Zyme)	https://www.ncbi.nlm.nih.gov/gene/5653	other	esophagus, brain, kidney	240510-1.2
Amblyomma-americanum_evm.model.contig-128153-1.1	P40313	2.2	5	1	547	4	0.518	84.3	3.6	0.79	0.85	0.838	CTRL_HUMAN	Chymotrypsin-like protease CTRL-1 (EC 3.4.21.-)	https://www.ncbi.nlm.nih.gov/gene/1506	other	pancreas	128153-1.1
Amblyomma-americanum_evm.model.contig-114817-1.1	Q9UKR0	2.2	4	207	555	3	0.492	83.9	3.4	0.7	0.79	0.772	KLK12_HUMAN	Kallikrein-12 (EC 3.4.21.-) (Kallikrein-like protein 5) (KLK-L5)	https://www.ncbi.nlm.nih.gov/gene/43849	other	esophagus, colon, salivary gland	114817-1.1
Amblyomma-americanum_evm.model.contig-240510-1.2	P51124	2.2	5	3	426	1	0.615	95.1	1.5	0.73	0.85	0.826	GRAM_HUMAN	Granzyme M (EC 3.4.21.-) (Met-1 serine protease) (Hu-Met-1) (Met-ase) (Natural killer cell granular protease)	https://www.ncbi.nlm.nih.gov/gene/3004	immune cells	spleen, lymph node, bone marrow, appendix	240510-1.2
Amblyomma-americanum_evm.model.contig-195898-1.1	Q9UKR0	2.2	4	240	679	4	0.518	79.9	4.3	0.59	0.85	0.798	KLK12_HUMAN	Kallikrein-12 (EC 3.4.21.-) (Kallikrein-like protein 5) (KLK-L5)	https://www.ncbi.nlm.nih.gov/gene/43849	other	esophagus, colon, salivary gland	195898-1.1
Amblyomma-americanum_evm.model.contig-195898-1.1	P07477	2.2	3	188	582	1	0.487	87.2	2.7	0.58	0.86	0.804	TRY1_HUMAN	Serine protease 1 (EC 3.4.21.4) (Anionic trypsin I) (Anionic trypsin-I) (Beta-trypsin) (Cationic trypsinogen) (Pretrypsinogen I) (Trypsin I) (Trypsin-1) [Cleaved into: Alpha-trypsin chain 1; Alpha-trypsin chain 2]	https://www.ncbi.nlm.nih.gov/gene/5644	other	pancreas	195898-1.1
Amblyomma-americanum_evm.model.contig-114817-1.1	P24158	2.2	3	255	664	4	0.538	83.8	5.2	0.71	0.84	0.814	PRTN3_HUMAN	Myeloblastin (EC 3.4.21.76) (AGP7) (C-ANCA antigen) (Leukocyte proteinase 3) (PR-3) (PR3) (Neutrophil proteinase 4) (NP-4) (P29) (Wegener autoantigen)	https://www.ncbi.nlm.nih.gov/gene/5657	immune cells	bone marrow*	114817-1.1
Amblyomma-americanum_evm.model.contig-48378-1.17	Q8NF86	2.2	4	53	573	3	0.538	84.6	3.9	0.81	0.82	0.818	PRS33_HUMAN	Serine protease 33 (EC 3.4.21.-) (Serine protease EOS)	https://www.ncbi.nlm.nih.gov/gene/260429	immune cells	none	48378-1.17
Amblyomma-americanum_evm.model.contig-234199-1.1	Q99895	2.1	5	16	582	5	0.641	93.2	1.9	0.86	0.88	0.876	CTRC_HUMAN	Chymotrypsin-C (EC 3.4.21.2) (Caldecrin)	https://www.ncbi.nlm.nih.gov/gene/11330	other	pancreas	234199-1.1
Amblyomma-americanum_evm.model.contig-8661-1.1	P09093	2.1	3	38	86	1	0.215	70.4	5	0.71	0.39	0.454	CEL3A_HUMAN	Chymotrypsin-like elastase family member 3A (EC 3.4.21.70) (Elastase IIIA) (Elastase-3A) (Protease E)	https://www.ncbi.nlm.nih.gov/gene/10136	other	pancreas	8661-1.1
Amblyomma-americanum_evm.model.contig-195898-1.1	Q9P0G3	2	4	147	734	1	0.572	82.6	4.3	0.58	0.81	0.764	KLK14_HUMAN	Kallikrein-14 (hK14) (EC 3.4.21.-) (Kallikrein-like protein 6) (KLK-L6)	https://www.ncbi.nlm.nih.gov/gene/43847	skin	skin	195898-1.1
Amblyomma-americanum_evm.model.contig-195898-1.1	P09093	2	5	3	774	2	0.513	86.5	2.6	0.6	0.82	0.776	CEL3A_HUMAN	Chymotrypsin-like elastase family member 3A (EC 3.4.21.70) (Elastase IIIA) (Elastase-3A) (Protease E)	https://www.ncbi.nlm.nih.gov/gene/10136	other	pancreas	195898-1.1
Amblyomma-americanum_evm.model.contig-76089-1.2	P06870	2	4	13	579	1	0.627	90.7	2.1	0.8	0.83	0.824	KLK1_HUMAN	Kallikrein-1 (EC 3.4.21.35) (Kidney/pancreas/salivary gland kallikrein) (Tissue kallikrein)	https://www.ncbi.nlm.nih.gov/gene/3816	other	salivary gland, pancreas	76089-1.2
Amblyomma-americanum_evm.model.contig-240510-1.2	P07478	2	5	13	322	2	0.236	66.5	10	0.65	0.25	0.33	TRY2_HUMAN	Trypsin-2 (EC 3.4.21.4) (Anionic trypsinogen) (Serine protease 2) (Trypsin II)	https://www.ncbi.nlm.nih.gov/gene/5645	other	pancreas	240510-1.2
Amblyomma-americanum_evm.model.contig-30987-1.8	P08861	2	5	41	747	5	0.549	88.7	2.2	0.55	0.82	0.766	CEL3B_HUMAN	Chymotrypsin-like elastase family member 3B (EC 3.4.21.70) (Elastase IIIB) (Elastase-3B) (Protease E)	https://www.ncbi.nlm.nih.gov/gene/23436	other	pancreas	30987-1.8
Amblyomma-americanum_evm.model.contig-76089-1.2	P07478	2	3	119	478	4	0.578	97	1.4	0.81	0.86	0.85	TRY2_HUMAN	Trypsin-2 (EC 3.4.21.4) (Anionic trypsinogen) (Serine protease 2) (Trypsin II)	https://www.ncbi.nlm.nih.gov/gene/5645	other	pancreas	76089-1.2
Amblyomma-americanum_evm.model.contig-76089-1.2	O60259	2	3	214	672	2	0.617	95.4	1.6	0.79	0.82	0.814	KLK8_HUMAN	Kallikrein-8 (hK8) (EC 3.4.21.118) (Neuropsin) (NP) (Ovasin) (Serine protease 19) (Serine protease TADG-14) (Tumor-associated differentially expressed gene 14 protein)	https://www.ncbi.nlm.nih.gov/gene/11202	skin	skin, esophagus	76089-1.2
Amblyomma-americanum_evm.model.contig-48378-1.17	Q9Y5K2	1.9	4	18	502	4	0.569	89.5	2.4	0.83	0.81	0.814	KLK4_HUMAN	Kallikrein-4 (EC 3.4.21.-) (Enamel matrix serine proteinase 1) (Kallikrein-like protein 1) (KLK-L1) (Prostase) (Serine protease 17)	https://www.ncbi.nlm.nih.gov/gene/9622	other	prostate	48378-1.17
Amblyomma-americanum_evm.model.contig-76089-1.2	P07477	1.9	3	86	474	4	0.587	96.3	1.5	0.81	0.85	0.842	TRY1_HUMAN	Serine protease 1 (EC 3.4.21.4) (Anionic trypsin I) (Anionic trypsin-I) (Beta-trypsin) (Cationic trypsinogen) (Pretrypsinogen I) (Trypsin I) (Trypsin-1) [Cleaved into: Alpha-trypsin chain 1; Alpha-trypsin chain 2]	https://www.ncbi.nlm.nih.gov/gene/5644	other	pancreas	76089-1.2
Amblyomma-americanum_evm.model.contig-234199-1.1	P07478	1.9	5	9	471	2	0.575	95.1	1.6	0.83	0.86	0.854	TRY2_HUMAN	Trypsin-2 (EC 3.4.21.4) (Anionic trypsinogen) (Serine protease 2) (Trypsin II)	https://www.ncbi.nlm.nih.gov/gene/5645	other	pancreas	234199-1.1
Amblyomma-americanum_evm.model.contig-128153-1.1	Q92876	1.9	4	5	366	2	0.437	80.5	3.5	0.75	0.82	0.806	KLK6_HUMAN	Kallikrein-6 (EC 3.4.21.-) (Neurosin) (Protease M) (SP59) (Serine protease 18) (Serine protease 9) (Zyme)	https://www.ncbi.nlm.nih.gov/gene/5653	other	esophagus, brain, kidney	128153-1.1
Amblyomma-americanum_evm.model.contig-48378-1.17	O60259	1.9	2	339	388	4	0.6	91.4	2.1	0.83	0.83	0.83	KLK8_HUMAN	Kallikrein-8 (hK8) (EC 3.4.21.118) (Neuropsin) (NP) (Ovasin) (Serine protease 19) (Serine protease TADG-14) (Tumor-associated differentially expressed gene 14 protein)	https://www.ncbi.nlm.nih.gov/gene/11202	skin	skin, esophagus	48378-1.17
Amblyomma-americanum_evm.model.contig-114817-1.1	P08218	1.9	3	8	652	4	0.545	91.3	1.8	0.74	0.88	0.852	CEL2B_HUMAN	Chymotrypsin-like elastase family member 2B (EC 3.4.21.71) (Elastase-2B)	https://www.ncbi.nlm.nih.gov/gene/51032	other	pancreas	114817-1.1
Amblyomma-americanum_evm.model.contig-8661-1.1	P20151	1.9	3	45	292	3	0.306	73.6	4.7	0.72	0.48	0.528	KLK2_HUMAN	Kallikrein-2 (EC 3.4.21.35) (Glandular kallikrein-1) (hGK-1) (Tissue kallikrein-2)	https://www.ncbi.nlm.nih.gov/gene/3817	other	prostate	8661-1.1
Amblyomma-americanum_evm.model.contig-48378-1.17	Q9UKR0	1.9	4	43	810	3	0.555	83.8	3.2	0.83	0.85	0.846	KLK12_HUMAN	Kallikrein-12 (EC 3.4.21.-) (Kallikrein-like protein 5) (KLK-L5)	https://www.ncbi.nlm.nih.gov/gene/43849	other	esophagus, colon, salivary gland	48378-1.17
Amblyomma-americanum_evm.model.contig-128153-1.1	P08311	1.9	5	9	421	2	0.458	81.3	3.4	0.77	0.82	0.81	CATG_HUMAN	Cathepsin G (CG) (EC 3.4.21.20) [Cleaved into: Cathepsin G  C-terminal truncated form]	https://www.ncbi.nlm.nih.gov/gene/1511	immune cells	bone marrow	128153-1.1
Amblyomma-americanum_evm.model.contig-114817-1.1	Q9UKQ9	1.9	4	4	600	1	0.537	88.6	2.3	0.71	0.85	0.822	KLK9_HUMAN	Kallikrein-9 (EC 3.4.21.-) (Kallikrein-like protein 3) (KLK-L3)	https://www.ncbi.nlm.nih.gov/gene/284366	skin	skin, esophagus	114817-1.1
Amblyomma-americanum_evm.model.contig-240510-1.2	P08218	1.9	4	35	449	3	0.555	93.7	1.6	0.77	0.87	0.85	CEL2B_HUMAN	Chymotrypsin-like elastase family member 2B (EC 3.4.21.71) (Elastase-2B)	https://www.ncbi.nlm.nih.gov/gene/51032	other	pancreas	240510-1.2
Amblyomma-americanum_evm.model.contig-8661-1.1	Q15661	1.9	2	66	75	4	0.254	66.5	10.3	0.72	0.37	0.44	TRYB1_HUMAN	Tryptase alpha/beta-1 (Tryptase-1) (EC 3.4.21.59) (Tryptase I) (Tryptase alpha-1)	https://www.ncbi.nlm.nih.gov/gene/?term=Homo+sapiens+tryptase+alpha%2Fbeta-1	immune cells	gall bladder, colon, lung, stomach	8661-1.1
Amblyomma-americanum_evm.model.contig-195898-1.1	P20151	1.8	2	542	651	4	0.535	87.7	2.2	0.59	0.86	0.806	KLK2_HUMAN	Kallikrein-2 (EC 3.4.21.35) (Glandular kallikrein-1) (hGK-1) (Tissue kallikrein-2)	https://www.ncbi.nlm.nih.gov/gene/3817	other	prostate	195898-1.1
Amblyomma-americanum_evm.model.contig-48378-1.17	Q9H2R5	1.8	4	43	863	1	0.618	86	2.9	0.84	0.84	0.84	KLK15_HUMAN	Kallikrein-15 (EC 3.4.21.-) (ACO protease)	https://www.ncbi.nlm.nih.gov/gene/55554	other	colon, salivary gland, testis	48378-1.17
Amblyomma-americanum_evm.model.contig-114817-1.1	P20151	1.8	5	2	567	1	0.539	85.3	2.9	0.72	0.84	0.816	KLK2_HUMAN	Kallikrein-2 (EC 3.4.21.35) (Glandular kallikrein-1) (hGK-1) (Tissue kallikrein-2)	https://www.ncbi.nlm.nih.gov/gene/3817	other	prostate	114817-1.1
Amblyomma-americanum_evm.model.contig-30987-1.8	A1L453	1.8	5	6	545	3	0.376	78.4	3.7	0.53	0.7	0.666	PRS38_HUMAN	Serine protease 38 (EC 3.4.21.-) (Marapsin-2)	https://www.ncbi.nlm.nih.gov/gene/339501	other	testis	30987-1.8
Amblyomma-americanum_evm.model.contig-128153-1.1	Q15661	1.8	3	5	396	4	0.429	76.6	5.4	0.72	0.69	0.696	TRYB1_HUMAN	Tryptase alpha/beta-1 (Tryptase-1) (EC 3.4.21.59) (Tryptase I) (Tryptase alpha-1)	https://www.ncbi.nlm.nih.gov/gene/?term=Homo+sapiens+tryptase+alpha%2Fbeta-1	immune cells	gall bladder, colon, lung, stomach	128153-1.1
Amblyomma-americanum_evm.model.contig-128153-1.1	P00746	1.8	4	8	98	4	0.201	59.6	13	0.63	0.21	0.294	CFAD_HUMAN	Complement factor D (EC 3.4.21.46) (Adipsin) (C3 convertase activator) (Properdin factor D)	https://www.ncbi.nlm.nih.gov/gene/1675	other	colon, fat, prostate	128153-1.1
Amblyomma-americanum_evm.model.contig-195898-1.1	P08861	1.8	4	2	730	1	0.55	85.3	3.8	0.59	0.84	0.79	CEL3B_HUMAN	Chymotrypsin-like elastase family member 3B (EC 3.4.21.70) (Elastase IIIB) (Elastase-3B) (Protease E)	https://www.ncbi.nlm.nih.gov/gene/23436	other	pancreas	195898-1.1
Amblyomma-americanum_evm.model.contig-195898-1.1	P08218	1.8	4	33	786	3	0.541	83.8	2.9	0.63	0.86	0.814	CEL2B_HUMAN	Chymotrypsin-like elastase family member 2B (EC 3.4.21.71) (Elastase-2B)	https://www.ncbi.nlm.nih.gov/gene/51032	other	pancreas	195898-1.1
Amblyomma-americanum_evm.model.contig-48378-1.17	P07478	1.8	5	16	531	2	0.513	84	4.2	0.79	0.82	0.814	TRY2_HUMAN	Trypsin-2 (EC 3.4.21.4) (Anionic trypsinogen) (Serine protease 2) (Trypsin II)	https://www.ncbi.nlm.nih.gov/gene/5645	other	pancreas	48378-1.17
Amblyomma-americanum_evm.model.contig-114817-1.1	Q99895	1.8	3	5	700	3	0.587	95.2	1.6	0.74	0.89	0.86	CTRC_HUMAN	Chymotrypsin-C (EC 3.4.21.2) (Caldecrin)	https://www.ncbi.nlm.nih.gov/gene/11330	other	pancreas	114817-1.1
Amblyomma-americanum_evm.model.contig-240510-1.2	P08217	1.8	4	2	364	2	0.556	94.9	1.5	0.77	0.89	0.866	CEL2A_HUMAN	Chymotrypsin-like elastase family member 2A (EC 3.4.21.71) (Elastase-2A)	https://www.ncbi.nlm.nih.gov/gene/63036	other	pancreas	240510-1.2
Amblyomma-americanum_evm.model.contig-128153-1.1	Q9UKR0	1.8	5	2	345	4	0.346	79.1	3.4	0.74	0.77	0.764	KLK12_HUMAN	Kallikrein-12 (EC 3.4.21.-) (Kallikrein-like protein 5) (KLK-L5)	https://www.ncbi.nlm.nih.gov/gene/43849	other	esophagus, colon, salivary gland	128153-1.1
Amblyomma-americanum_evm.model.contig-195898-1.1	P08246	1.8	3	40	611	3	0.412	81.1	6.3	0.57	0.79	0.746	ELNE_HUMAN	Neutrophil elastase (EC 3.4.21.37) (Bone marrow serine protease) (Elastase-2) (Human leukocyte elastase) (HLE) (Medullasin) (PMN elastase)	none	immune cells	none	195898-1.1
Amblyomma-americanum_evm.model.contig-195898-1.1	P06870	1.8	3	122	349	3	0.338	62.7	14	0.56	0.73	0.696	KLK1_HUMAN	Kallikrein-1 (EC 3.4.21.35) (Kidney/pancreas/salivary gland kallikrein) (Tissue kallikrein)	https://www.ncbi.nlm.nih.gov/gene/3816	other	salivary gland, pancreas	195898-1.1
Amblyomma-americanum_evm.model.contig-195898-1.1	Q15661	1.8	3	13	333	2	0.433	81.4	3.8	0.58	0.82	0.772	TRYB1_HUMAN	Tryptase alpha/beta-1 (Tryptase-1) (EC 3.4.21.59) (Tryptase I) (Tryptase alpha-1)	https://www.ncbi.nlm.nih.gov/gene/?term=Homo+sapiens+tryptase+alpha%2Fbeta-1	immune cells	gall bladder, colon, lung, stomach	195898-1.1
Amblyomma-americanum_evm.model.contig-76089-1.2	P20718	1.8	3	50	534	4	0.605	94.3	1.7	0.81	0.85	0.842	GRAH_HUMAN	Granzyme H (EC 3.4.21.-) (CCP-X) (Cathepsin G-like 2) (CTSGL2) (Cytotoxic T-lymphocyte proteinase) (Cytotoxic serine protease C) (CSP-C)	https://www.ncbi.nlm.nih.gov/gene/2999	immune cells	lymph nodes, bone marrow, spleen, lung	76089-1.2
Amblyomma-americanum_evm.model.contig-114817-1.1	P23946	1.8	3	15	713	4	0.569	90.3	2	0.72	0.86	0.832	CMA1_HUMAN	Chymase (EC 3.4.21.39) (Alpha-chymase) (Mast cell protease I)	https://www.ncbi.nlm.nih.gov/gene/1215	immune cells	colon, esophagus, gall bladder, small intenstine	114817-1.1
Amblyomma-americanum_evm.model.contig-240510-1.2	P17538	1.8	4	7	441	2	0.584	94.5	1.6	0.76	0.88	0.856	CTRB1_HUMAN	Chymotrypsinogen B (EC 3.4.21.1) [Cleaved into: Chymotrypsin B chain A; Chymotrypsin B chain B; Chymotrypsin B chain C]	https://www.ncbi.nlm.nih.gov/gene/1504	other	pancreas	240510-1.2
Amblyomma-americanum_evm.model.contig-8661-1.1	P24158	1.7	4	3	155	3	0.271	63.2	9	0.71	0.33	0.406	PRTN3_HUMAN	Myeloblastin (EC 3.4.21.76) (AGP7) (C-ANCA antigen) (Leukocyte proteinase 3) (PR-3) (PR3) (Neutrophil proteinase 4) (NP-4) (P29) (Wegener autoantigen)	https://www.ncbi.nlm.nih.gov/gene/5657	immune cells	bone marrow*	8661-1.1
Amblyomma-americanum_evm.model.contig-234199-1.1	P07477	1.7	5	14	529	2	0.556	93.6	1.9	0.83	0.84	0.838	TRY1_HUMAN	Serine protease 1 (EC 3.4.21.4) (Anionic trypsin I) (Anionic trypsin-I) (Beta-trypsin) (Cationic trypsinogen) (Pretrypsinogen I) (Trypsin I) (Trypsin-1) [Cleaved into: Alpha-trypsin chain 1; Alpha-trypsin chain 2]	https://www.ncbi.nlm.nih.gov/gene/5644	other	pancreas	234199-1.1
Amblyomma-americanum_evm.model.contig-114817-1.1	P06870	1.7	4	29	741	3	0.457	84.7	5.3	0.69	0.74	0.73	KLK1_HUMAN	Kallikrein-1 (EC 3.4.21.35) (Kidney/pancreas/salivary gland kallikrein) (Tissue kallikrein)	https://www.ncbi.nlm.nih.gov/gene/3816	other	salivary gland, pancreas	114817-1.1
Amblyomma-americanum_evm.model.contig-114817-1.1	Q8NHM4	1.7	5	2	476	4	0.563	95.4	1.5	0.71	0.86	0.83	TRY6_HUMAN	Putative trypsin-6 (EC 3.4.21.4) (Serine protease 3 pseudogene 2) (Trypsinogen C)	https://www.ncbi.nlm.nih.gov/gene/?term=Homo+sapiens+Putative+trypsin-6	none	none	114817-1.1
Amblyomma-americanum_evm.model.contig-128153-1.1	P23946	1.7	3	66	292	1	0.244	65.5	7.3	0.64	0.54	0.56	CMA1_HUMAN	Chymase (EC 3.4.21.39) (Alpha-chymase) (Mast cell protease I)	https://www.ncbi.nlm.nih.gov/gene/1215	immune cells	colon, esophagus, gall bladder, small intenstine	128153-1.1
Amblyomma-americanum_evm.model.contig-240510-1.2	Q9H2R5	1.7	3	20	458	1	0.516	93.9	1.6	0.73	0.84	0.818	KLK15_HUMAN	Kallikrein-15 (EC 3.4.21.-) (ACO protease)	https://www.ncbi.nlm.nih.gov/gene/55554	other	colon, salivary gland, testis	240510-1.2
Amblyomma-americanum_evm.model.contig-8661-1.1	O60259	1.7	2	112	166	2	0.387	74.3	5.1	0.68	0.61	0.624	KLK8_HUMAN	Kallikrein-8 (hK8) (EC 3.4.21.118) (Neuropsin) (NP) (Ovasin) (Serine protease 19) (Serine protease TADG-14) (Tumor-associated differentially expressed gene 14 protein)	https://www.ncbi.nlm.nih.gov/gene/11202	skin	skin, esophagus	8661-1.1
Amblyomma-americanum_evm.model.contig-240510-1.2	Q15661	1.6	5	5	236	4	0.214	65	11.8	0.64	0.23	0.312	TRYB1_HUMAN	Tryptase alpha/beta-1 (Tryptase-1) (EC 3.4.21.59) (Tryptase I) (Tryptase alpha-1)	https://www.ncbi.nlm.nih.gov/gene/?term=Homo+sapiens+tryptase+alpha%2Fbeta-1	immune cells	gall bladder, colon, lung, stomach	240510-1.2
Amblyomma-americanum_evm.model.contig-240510-1.2	P20151	1.6	4	5	310	4	0.255	63.5	12.9	0.64	0.23	0.312	KLK2_HUMAN	Kallikrein-2 (EC 3.4.21.35) (Glandular kallikrein-1) (hGK-1) (Tissue kallikrein-2)	https://www.ncbi.nlm.nih.gov/gene/3817	other	prostate	240510-1.2
Amblyomma-americanum_evm.model.contig-76089-1.2	Q15661	1.6	3	21	480	4	0.549	93.2	1.9	0.81	0.84	0.834	TRYB1_HUMAN	Tryptase alpha/beta-1 (Tryptase-1) (EC 3.4.21.59) (Tryptase I) (Tryptase alpha-1)	https://www.ncbi.nlm.nih.gov/gene/?term=Homo+sapiens+tryptase+alpha%2Fbeta-1	immune cells	gall bladder, colon, lung, stomach	76089-1.2
Amblyomma-americanum_evm.model.contig-8661-1.1	P08861	1.6	3	15	55	1	0.166	70.1	5	0.7	0.39	0.452	CEL3B_HUMAN	Chymotrypsin-like elastase family member 3B (EC 3.4.21.70) (Elastase IIIB) (Elastase-3B) (Protease E)	https://www.ncbi.nlm.nih.gov/gene/23436	other	pancreas	8661-1.1
Amblyomma-americanum_evm.model.contig-48378-1.17	P20151	1.6	5	1	132	4	0.22	74.5	14.1	0.57	0.2	0.274	KLK2_HUMAN	Kallikrein-2 (EC 3.4.21.35) (Glandular kallikrein-1) (hGK-1) (Tissue kallikrein-2)	https://www.ncbi.nlm.nih.gov/gene/3817	other	prostate	48378-1.17
Amblyomma-americanum_evm.model.contig-240510-1.2	Q8NHM4	1.6	5	5	428	2	0.489	92.6	1.8	0.73	0.83	0.81	TRY6_HUMAN	Putative trypsin-6 (EC 3.4.21.4) (Serine protease 3 pseudogene 2) (Trypsinogen C)	https://www.ncbi.nlm.nih.gov/gene/?term=Homo+sapiens+Putative+trypsin-6	none	none	240510-1.2
Amblyomma-americanum_evm.model.contig-240510-1.2	A1L453	1.6	3	13	491	4	0.515	86.3	2.8	0.72	0.75	0.744	PRS38_HUMAN	Serine protease 38 (EC 3.4.21.-) (Marapsin-2)	https://www.ncbi.nlm.nih.gov/gene/339501	other	testis	240510-1.2
Amblyomma-americanum_evm.model.contig-114817-1.1	P07478	1.5	5	1	653	1	0.429	87.7	4.2	0.69	0.72	0.714	TRY2_HUMAN	Trypsin-2 (EC 3.4.21.4) (Anionic trypsinogen) (Serine protease 2) (Trypsin II)	https://www.ncbi.nlm.nih.gov/gene/5645	other	pancreas	114817-1.1
Amblyomma-americanum_evm.model.contig-48378-1.17	P07477	1.5	5	1	582	2	0.513	83.6	4.1	0.8	0.83	0.824	TRY1_HUMAN	Serine protease 1 (EC 3.4.21.4) (Anionic trypsin I) (Anionic trypsin-I) (Beta-trypsin) (Cationic trypsinogen) (Pretrypsinogen I) (Trypsin I) (Trypsin-1) [Cleaved into: Alpha-trypsin chain 1; Alpha-trypsin chain 2]	https://www.ncbi.nlm.nih.gov/gene/5644	other	pancreas	48378-1.17
Amblyomma-americanum_evm.model.contig-76089-1.2	P49862	1.5	5	2	510	2	0.196	68.3	8.3	0.68	0.25	0.336	KLK7_HUMAN	Kallikrein-7 (hK7) (EC 3.4.21.117) (Serine protease 6) (Stratum corneum chymotryptic enzyme) (hSCCE)	https://www.ncbi.nlm.nih.gov/gene/5650	skin	skin, esophagus	76089-1.2
Amblyomma-americanum_evm.model.contig-76089-1.2	P20151	1.4	4	9	544	4	0.359	78.4	6.8	0.7	0.69	0.692	KLK2_HUMAN	Kallikrein-2 (EC 3.4.21.35) (Glandular kallikrein-1) (hGK-1) (Tissue kallikrein-2)	https://www.ncbi.nlm.nih.gov/gene/3817	other	prostate	76089-1.2
Amblyomma-americanum_evm.model.contig-240510-1.2	P06870	1.4	5	1	241	4	0.306	63.4	13.3	0.64	0.23	0.312	KLK1_HUMAN	Kallikrein-1 (EC 3.4.21.35) (Kidney/pancreas/salivary gland kallikrein) (Tissue kallikrein)	https://www.ncbi.nlm.nih.gov/gene/3816	other	salivary gland, pancreas	240510-1.2
Amblyomma-americanum_evm.model.contig-234199-1.1	P00746	1.4	4	2	384	4	0.565	90.7	2.1	0.82	0.83	0.828	CFAD_HUMAN	Complement factor D (EC 3.4.21.46) (Adipsin) (C3 convertase activator) (Properdin factor D)	https://www.ncbi.nlm.nih.gov/gene/1675	other	colon, fat, prostate	234199-1.1
Amblyomma-americanum_evm.model.contig-114817-1.1	P07477	1.4	4	9	492	5	0.325	79.4	8.3	0.66	0.6	0.612	TRY1_HUMAN	Serine protease 1 (EC 3.4.21.4) (Anionic trypsin I) (Anionic trypsin-I) (Beta-trypsin) (Cationic trypsinogen) (Pretrypsinogen I) (Trypsin I) (Trypsin-1) [Cleaved into: Alpha-trypsin chain 1; Alpha-trypsin chain 2]	https://www.ncbi.nlm.nih.gov/gene/5644	other	pancreas	114817-1.1
Amblyomma-americanum_evm.model.contig-240510-1.2	Q9UKQ9	1.4	4	1	321	4	0.257	79.3	4.6	0.7	0.6	0.62	KLK9_HUMAN	Kallikrein-9 (EC 3.4.21.-) (Kallikrein-like protein 3) (KLK-L3)	https://www.ncbi.nlm.nih.gov/gene/284366	skin	skin, esophagus	240510-1.2
Amblyomma-americanum_evm.model.contig-8661-1.1	Q9H2R5	1.4	2	105	280	2	0.328	72.7	5.6	0.72	0.56	0.592	KLK15_HUMAN	Kallikrein-15 (EC 3.4.21.-) (ACO protease)	https://www.ncbi.nlm.nih.gov/gene/55554	other	colon, salivary gland, testis	8661-1.1
Amblyomma-americanum_evm.model.contig-8661-1.1	P07477	1.3	2	17	58	5	0.186	67	5.2	0.7	0.29	0.372	TRY1_HUMAN	Serine protease 1 (EC 3.4.21.4) (Anionic trypsin I) (Anionic trypsin-I) (Beta-trypsin) (Cationic trypsinogen) (Pretrypsinogen I) (Trypsin I) (Trypsin-1) [Cleaved into: Alpha-trypsin chain 1; Alpha-trypsin chain 2]	https://www.ncbi.nlm.nih.gov/gene/5644	other	pancreas	8661-1.1
Amblyomma-americanum_evm.model.contig-8661-1.1	P08246	1.3	3	11	344	1	0.397	81.3	3.5	0.69	0.67	0.674	ELNE_HUMAN	Neutrophil elastase (EC 3.4.21.37) (Bone marrow serine protease) (Elastase-2) (Human leukocyte elastase) (HLE) (Medullasin) (PMN elastase)	none	immune cells	none	8661-1.1
Amblyomma-americanum_evm.model.contig-48378-1.17	Q8NHM4	1.3	5	4	575	2	0.549	86.8	3.3	0.82	0.84	0.836	TRY6_HUMAN	Putative trypsin-6 (EC 3.4.21.4) (Serine protease 3 pseudogene 2) (Trypsinogen C)	https://www.ncbi.nlm.nih.gov/gene/?term=Homo+sapiens+Putative+trypsin-6	none	none	48378-1.17
Amblyomma-americanum_evm.model.contig-8661-1.1	P00746	1.3	3	1	7	5	0.224	57.9	10.9	0.7	0.27	0.356	CFAD_HUMAN	Complement factor D (EC 3.4.21.46) (Adipsin) (C3 convertase activator) (Properdin factor D)	https://www.ncbi.nlm.nih.gov/gene/1675	other	colon, fat, prostate	8661-1.1
Amblyomma-americanum_evm.model.contig-48378-1.17	A1L453	1.3	3	1	72	4	0.234	76.1	14.4	0.56	0.24	0.304	PRS38_HUMAN	Serine protease 38 (EC 3.4.21.-) (Marapsin-2)	https://www.ncbi.nlm.nih.gov/gene/339501	other	testis	48378-1.17
Amblyomma-americanum_evm.model.contig-240510-1.2	Q99895	1.3	3	7	407	4	0.57	95.9	1.5	0.76	0.89	0.864	CTRC_HUMAN	Chymotrypsin-C (EC 3.4.21.2) (Caldecrin)	https://www.ncbi.nlm.nih.gov/gene/11330	other	pancreas	240510-1.2
Amblyomma-americanum_evm.model.contig-128153-1.1	P09093	1.3	4	3	518	4	0.365	78	4.1	0.67	0.7	0.694	CEL3A_HUMAN	Chymotrypsin-like elastase family member 3A (EC 3.4.21.70) (Elastase IIIA) (Elastase-3A) (Protease E)	https://www.ncbi.nlm.nih.gov/gene/10136	other	pancreas	128153-1.1
Amblyomma-americanum_evm.model.contig-8661-1.1	Q9UKR0	1.2	2	2	12	2	0.208	56.4	10.7	0.7	0.24	0.332	KLK12_HUMAN	Kallikrein-12 (EC 3.4.21.-) (Kallikrein-like protein 5) (KLK-L5)	https://www.ncbi.nlm.nih.gov/gene/43849	other	esophagus, colon, salivary gland	8661-1.1
Amblyomma-americanum_evm.model.contig-48378-1.17	Q15661	1.2	2	5	32	4	0.168	75.7	14.3	0.58	0.21	0.284	TRYB1_HUMAN	Tryptase alpha/beta-1 (Tryptase-1) (EC 3.4.21.59) (Tryptase I) (Tryptase alpha-1)	https://www.ncbi.nlm.nih.gov/gene/?term=Homo+sapiens+tryptase+alpha%2Fbeta-1	immune cells	gall bladder, colon, lung, stomach	48378-1.17
Amblyomma-americanum_evm.model.contig-240510-1.2	O60259	1.2	4	4	493	1	0.588	95.1	1.6	0.72	0.83	0.808	KLK8_HUMAN	Kallikrein-8 (hK8) (EC 3.4.21.118) (Neuropsin) (NP) (Ovasin) (Serine protease 19) (Serine protease TADG-14) (Tumor-associated differentially expressed gene 14 protein)	https://www.ncbi.nlm.nih.gov/gene/11202	skin	skin, esophagus	240510-1.2
Amblyomma-americanum_evm.model.contig-128153-1.1	A1L453	1.2	3	6	552	1	0.387	75.5	5.2	0.7	0.62	0.636	PRS38_HUMAN	Serine protease 38 (EC 3.4.21.-) (Marapsin-2)	https://www.ncbi.nlm.nih.gov/gene/339501	other	testis	128153-1.1
Amblyomma-americanum_evm.model.contig-128153-1.1	P20160	1.1	4	1	400	4	0.479	81	3.4	0.72	0.75	0.744	CAP7_HUMAN	Azurocidin (Cationic antimicrobial protein CAP37) (Heparin-binding protein) (HBP) (hHBP)	https://www.ncbi.nlm.nih.gov/gene/566	immune cells	bone marrow	128153-1.1
Amblyomma-americanum_evm.model.contig-128153-1.1	P51124	1.1	2	19	325	4	0.392	79.8	3.7	0.69	0.79	0.77	GRAM_HUMAN	Granzyme M (EC 3.4.21.-) (Met-1 serine protease) (Hu-Met-1) (Met-ase) (Natural killer cell granular protease)	https://www.ncbi.nlm.nih.gov/gene/3004	immune cells	spleen, lymph node, bone marrow, appendix	128153-1.1
Amblyomma-americanum_evm.model.contig-114817-1.1	Q9Y5K2	1.1	4	1	658	2	0.496	93.6	1.6	0.7	0.84	0.812	KLK4_HUMAN	Kallikrein-4 (EC 3.4.21.-) (Enamel matrix serine proteinase 1) (Kallikrein-like protein 1) (KLK-L1) (Prostase) (Serine protease 17)	https://www.ncbi.nlm.nih.gov/gene/9622	other	prostate	114817-1.1
Amblyomma-americanum_evm.model.contig-114817-1.1	O60259	1.1	3	4	695	4	0.378	71.3	9.7	0.64	0.57	0.584	KLK8_HUMAN	Kallikrein-8 (hK8) (EC 3.4.21.118) (Neuropsin) (NP) (Ovasin) (Serine protease 19) (Serine protease TADG-14) (Tumor-associated differentially expressed gene 14 protein)	https://www.ncbi.nlm.nih.gov/gene/11202	skin	skin, esophagus	114817-1.1
Amblyomma-americanum_evm.model.contig-8661-1.1	P08217	1.1	2	24	176	5	0.371	72.6	3.7	0.78	0.59	0.628	CEL2A_HUMAN	Chymotrypsin-like elastase family member 2A (EC 3.4.21.71) (Elastase-2A)	https://www.ncbi.nlm.nih.gov/gene/63036	other	pancreas	8661-1.1
Amblyomma-americanum_evm.model.contig-114817-1.1	Q15661	1.1	3	1	653	1	0.524	86.1	3.1	0.72	0.8	0.784	TRYB1_HUMAN	Tryptase alpha/beta-1 (Tryptase-1) (EC 3.4.21.59) (Tryptase I) (Tryptase alpha-1)	https://www.ncbi.nlm.nih.gov/gene/?term=Homo+sapiens+tryptase+alpha%2Fbeta-1	immune cells	gall bladder, colon, lung, stomach	114817-1.1
Amblyomma-americanum_evm.model.contig-8661-1.1	Q92876	1	2	6	183	4	0.337	82.1	2.7	0.69	0.72	0.714	KLK6_HUMAN	Kallikrein-6 (EC 3.4.21.-) (Neurosin) (Protease M) (SP59) (Serine protease 18) (Serine protease 9) (Zyme)	https://www.ncbi.nlm.nih.gov/gene/5653	other	esophagus, brain, kidney	8661-1.1
Amblyomma-americanum_evm.model.contig-195898-1.1	P20718	1	1	285	285	2	0.536	78.2	7	0.56	0.72	0.688	GRAH_HUMAN	Granzyme H (EC 3.4.21.-) (CCP-X) (Cathepsin G-like 2) (CTSGL2) (Cytotoxic T-lymphocyte proteinase) (Cytotoxic serine protease C) (CSP-C)	https://www.ncbi.nlm.nih.gov/gene/2999	immune cells	lymph nodes, bone marrow, spleen, lung	195898-1.1
Amblyomma-americanum_evm.model.contig-114817-1.1	P00746	1	1	46	46	2	0.229	63.4	13.9	0.59	0.2	0.278	CFAD_HUMAN	Complement factor D (EC 3.4.21.46) (Adipsin) (C3 convertase activator) (Properdin factor D)	https://www.ncbi.nlm.nih.gov/gene/1675	other	colon, fat, prostate	114817-1.1
Amblyomma-americanum_evm.model.contig-8661-1.1	P20718	1	1	14	14	4	0.187	61.9	10.2	0.7	0.22	0.316	GRAH_HUMAN	Granzyme H (EC 3.4.21.-) (CCP-X) (Cathepsin G-like 2) (CTSGL2) (Cytotoxic T-lymphocyte proteinase) (Cytotoxic serine protease C) (CSP-C)	https://www.ncbi.nlm.nih.gov/gene/2999	immune cells	lymph nodes, bone marrow, spleen, lung	8661-1.1
Amblyomma-americanum_evm.model.contig-8661-1.1	P07478	1	1	4	4	3	0.207	65.3	8.3	0.7	0.25	0.34	TRY2_HUMAN	Trypsin-2 (EC 3.4.21.4) (Anionic trypsinogen) (Serine protease 2) (Trypsin II)	https://www.ncbi.nlm.nih.gov/gene/5645	other	pancreas	8661-1.1
Amblyomma-americanum_evm.model.contig-8661-1.1	P51124	1	1	130	130	3	0.235	73.1	4.5	0.69	0.43	0.482	GRAM_HUMAN	Granzyme M (EC 3.4.21.-) (Met-1 serine protease) (Hu-Met-1) (Met-ase) (Natural killer cell granular protease)	https://www.ncbi.nlm.nih.gov/gene/3004	immune cells	spleen, lymph node, bone marrow, appendix	8661-1.1
Amblyomma-americanum_evm.model.contig-8661-1.1	P40313	1	1	222	222	3	0.321	74.8	5.6	0.75	0.57	0.606	CTRL_HUMAN	Chymotrypsin-like protease CTRL-1 (EC 3.4.21.-)	https://www.ncbi.nlm.nih.gov/gene/1506	other	pancreas	8661-1.1
Amblyomma-americanum_evm.model.contig-128153-1.1	P20718	1	1	48	48	2	0.267	61.7	13.2	0.63	0.21	0.294	GRAH_HUMAN	Granzyme H (EC 3.4.21.-) (CCP-X) (Cathepsin G-like 2) (CTSGL2) (Cytotoxic T-lymphocyte proteinase) (Cytotoxic serine protease C) (CSP-C)	https://www.ncbi.nlm.nih.gov/gene/2999	immune cells	lymph nodes, bone marrow, spleen, lung	128153-1.1
Amblyomma-americanum_evm.model.contig-8661-1.1	P23946	1	1	162	162	1	0.251	73.6	5	0.69	0.49	0.53	CMA1_HUMAN	Chymase (EC 3.4.21.39) (Alpha-chymase) (Mast cell protease I)	https://www.ncbi.nlm.nih.gov/gene/1215	immune cells	colon, esophagus, gall bladder, small intenstine	8661-1.1
Amblyomma-americanum_evm.model.contig-8661-1.1	Q99895	1	1	238	238	4	0.37	73.7	5.8	0.75	0.52	0.566	CTRC_HUMAN	Chymotrypsin-C (EC 3.4.21.2) (Caldecrin)	https://www.ncbi.nlm.nih.gov/gene/11330	other	pancreas	8661-1.1
Amblyomma-americanum_evm.model.contig-8661-1.1	Q9Y5K2	1	1	6	6	2	0.191	63.7	9.6	0.69	0.28	0.362	KLK4_HUMAN	Kallikrein-4 (EC 3.4.21.-) (Enamel matrix serine proteinase 1) (Kallikrein-like protein 1) (KLK-L1) (Prostase) (Serine protease 17)	https://www.ncbi.nlm.nih.gov/gene/9622	other	prostate	8661-1.1
Amblyomma-americanum_evm.model.contig-8661-1.1	Q9UKQ9	1	1	18	18	2	0.187	57	13.2	0.7	0.25	0.34	KLK9_HUMAN	Kallikrein-9 (EC 3.4.21.-) (Kallikrein-like protein 3) (KLK-L3)	https://www.ncbi.nlm.nih.gov/gene/284366	skin	skin, esophagus	8661-1.1
Amblyomma-americanum_evm.model.contig-8661-1.1	Q9P0G3	1	2	1	83	3	0.296	70.1	9.2	0.69	0.32	0.394	KLK14_HUMAN	Kallikrein-14 (hK14) (EC 3.4.21.-) (Kallikrein-like protein 6) (KLK-L6)	https://www.ncbi.nlm.nih.gov/gene/43847	skin	skin	8661-1.1
Amblyomma-americanum_evm.model.contig-8661-1.1	P08311	1	1	5	5	3	0.192	58.5	10.8	0.7	0.23	0.324	CATG_HUMAN	Cathepsin G (CG) (EC 3.4.21.20) [Cleaved into: Cathepsin G  C-terminal truncated form]	https://www.ncbi.nlm.nih.gov/gene/1511	immune cells	bone marrow	8661-1.1
Amblyomma-americanum_evm.model.contig-8661-1.1	P49862	1	1	2	2	2	0.191	58.1	9.1	0.69	0.26	0.346	KLK7_HUMAN	Kallikrein-7 (hK7) (EC 3.4.21.117) (Serine protease 6) (Stratum corneum chymotryptic enzyme) (hSCCE)	https://www.ncbi.nlm.nih.gov/gene/5650	skin	skin, esophagus	8661-1.1
Amblyomma-americanum_evm.model.contig-76089-1.2	P51124	1	2	7	193	4	0.194	70.3	13.9	0.67	0.2	0.294	GRAM_HUMAN	Granzyme M (EC 3.4.21.-) (Met-1 serine protease) (Hu-Met-1) (Met-ase) (Natural killer cell granular protease)	https://www.ncbi.nlm.nih.gov/gene/3004	immune cells	spleen, lymph node, bone marrow, appendix	76089-1.2
Amblyomma-americanum_evm.model.contig-8661-1.1	A1L453	1	1	113	113	5	0.222	65.5	7.3	0.67	0.39	0.446	PRS38_HUMAN	Serine protease 38 (EC 3.4.21.-) (Marapsin-2)	https://www.ncbi.nlm.nih.gov/gene/339501	other	testis	8661-1.1
Amblyomma-americanum_evm.model.contig-48378-1.17	P06870	1	2	2	168	4	0.271	72.3	14.8	0.61	0.33	0.386	KLK1_HUMAN	Kallikrein-1 (EC 3.4.21.35) (Kidney/pancreas/salivary gland kallikrein) (Tissue kallikrein)	https://www.ncbi.nlm.nih.gov/gene/3816	other	salivary gland, pancreas	48378-1.17
Amblyomma-americanum_evm.model.contig-8661-1.1	P06870	0	0	0	0	1	0	0	0	0.71	0.28	0.366	KLK1_HUMAN	Kallikrein-1 (EC 3.4.21.35) (Kidney/pancreas/salivary gland kallikrein) (Tissue kallikrein)	https://www.ncbi.nlm.nih.gov/gene/3816	other	salivary gland, pancreas	8661-1.1
Amblyomma-americanum_evm.model.contig-8661-1.1	P10144	0	0	0	0	1	0	0	0	0.69	0.23	0.322	GRAB_HUMAN	Granzyme B (EC 3.4.21.79) (C11) (CTLA-1) (Cathepsin G-like 1) (CTSGL1) (Cytotoxic T-lymphocyte proteinase 2) (Lymphocyte protease) (Fragmentin-2) (Granzyme-2) (Human lymphocyte protein) (HLP) (SECT) (T-cell serine protease 1-3E)	https://www.ncbi.nlm.nih.gov/gene/3002	immune cells	bone marrow, appendix, lung, lymph node, spleen	8661-1.1
Amblyomma-americanum_evm.model.contig-8661-1.1	Q8NHM4	0	0	0	0	1	0	0	0	0.7	0.24	0.332	TRY6_HUMAN	Putative trypsin-6 (EC 3.4.21.4) (Serine protease 3 pseudogene 2) (Trypsinogen C)	https://www.ncbi.nlm.nih.gov/gene/?term=Homo+sapiens+Putative+trypsin-6	none	none	8661-1.1
Amblyomma-americanum_evm.model.contig-8661-1.1	Q9UNI1	0	0	0	0	1	0	0	0	0.71	0.29	0.374	CELA1_HUMAN	Chymotrypsin-like elastase family member 1 (EC 3.4.21.36) (Elastase-1) (Pancreatic elastase 1)	https://www.ncbi.nlm.nih.gov/gene/1990	other	pancreas, adrenal	8661-1.1
Amblyomma-americanum_evm.model.contig-8661-1.1	Q8NF86	0	0	0	0	1	0	0	0	0.71	0.28	0.366	PRS33_HUMAN	Serine protease 33 (EC 3.4.21.-) (Serine protease EOS)	https://www.ncbi.nlm.nih.gov/gene/260429	immune cells	none	8661-1.1
Amblyomma-americanum_evm.model.contig-8661-1.1	P17538	0	0	0	0	1	0	0	0	0.73	0.29	0.378	CTRB1_HUMAN	Chymotrypsinogen B (EC 3.4.21.1) [Cleaved into: Chymotrypsin B chain A; Chymotrypsin B chain B; Chymotrypsin B chain C]	https://www.ncbi.nlm.nih.gov/gene/1504	other	pancreas	8661-1.1
Amblyomma-americanum_evm.model.contig-8661-1.1	Q6GPI1	0	0	0	0	1	0	0	0	0.73	0.27	0.362	CTRB2_HUMAN	Chymotrypsinogen B2 (EC 3.4.21.1) [Cleaved into: Chymotrypsin B2 chain A; Chymotrypsin B2 chain B; Chymotrypsin B2 chain C]	https://www.ncbi.nlm.nih.gov/gene/?term=Homo+sapiens+chymotrypsinogen+B2	other	pancreas	8661-1.1
Amblyomma-americanum_evm.model.contig-94090-1.4	P08217	4.4	5	405	526	3	0.567	85.4	3.5	0.83	0.88	0.87	CEL2A_HUMAN	Chymotrypsin-like elastase family member 2A (EC 3.4.21.71) (Elastase-2A)	https://www.ncbi.nlm.nih.gov/gene/63036	other	pancreas	94090-1.4
Amblyomma-americanum_evm.model.contig-94090-1.4	Q92876	4.4	5	266	358	3	0.545	89.2	3.2	0.81	0.85	0.842	KLK6_HUMAN	Kallikrein-6 (EC 3.4.21.-) (Neurosin) (Protease M) (SP59) (Serine protease 18) (Serine protease 9) (Zyme)	https://www.ncbi.nlm.nih.gov/gene/5653	other	esophagus, brain, kidney	94090-1.4
Amblyomma-americanum_evm.model.contig-94090-1.4	P09093	4.3	5	395	549	3	0.576	84.7	4.2	0.8	0.83	0.824	CEL3A_HUMAN	Chymotrypsin-like elastase family member 3A (EC 3.4.21.70) (Elastase IIIA) (Elastase-3A) (Protease E)	https://www.ncbi.nlm.nih.gov/gene/10136	other	pancreas	94090-1.4
Amblyomma-americanum_evm.model.contig-94090-1.4	P20718	4.3	5	338	461	4	0.574	87.3	2.8	0.83	0.86	0.854	GRAH_HUMAN	Granzyme H (EC 3.4.21.-) (CCP-X) (Cathepsin G-like 2) (CTSGL2) (Cytotoxic T-lymphocyte proteinase) (Cytotoxic serine protease C) (CSP-C)	https://www.ncbi.nlm.nih.gov/gene/2999	immune cells	lymph nodes, bone marrow, spleen, lung	94090-1.4
Amblyomma-americanum_evm.model.contig-94090-1.4	P20160	4.3	5	400	562	3	0.535	79.9	4.1	0.79	0.79	0.79	CAP7_HUMAN	Azurocidin (Cationic antimicrobial protein CAP37) (Heparin-binding protein) (HBP) (hHBP)	https://www.ncbi.nlm.nih.gov/gene/566	immune cells	bone marrow	94090-1.4
Amblyomma-americanum_evm.model.contig-94090-1.4	P08246	4.3	5	380	514	1	0.607	86.4	2.7	0.82	0.81	0.812	ELNE_HUMAN	Neutrophil elastase (EC 3.4.21.37) (Bone marrow serine protease) (Elastase-2) (Human leukocyte elastase) (HLE) (Medullasin) (PMN elastase)	none	immune cells	none	94090-1.4
Amblyomma-americanum_evm.model.contig-94090-1.4	P40313	4.2	5	347	501	3	0.545	83.6	3.4	0.83	0.86	0.854	CTRL_HUMAN	Chymotrypsin-like protease CTRL-1 (EC 3.4.21.-)	https://www.ncbi.nlm.nih.gov/gene/1506	other	pancreas	94090-1.4
Amblyomma-americanum_evm.model.contig-94090-1.4	Q9UNI1	4.2	5	368	529	3	0.545	85	3.3	0.82	0.83	0.828	CELA1_HUMAN	Chymotrypsin-like elastase family member 1 (EC 3.4.21.36) (Elastase-1) (Pancreatic elastase 1)	https://www.ncbi.nlm.nih.gov/gene/1990	other	pancreas, adrenal	94090-1.4
Amblyomma-americanum_evm.model.contig-94090-1.4	P08311	4.2	5	347	505	3	0.563	85.3	3.4	0.81	0.85	0.842	CATG_HUMAN	Cathepsin G (CG) (EC 3.4.21.20) [Cleaved into: Cathepsin G  C-terminal truncated form]	https://www.ncbi.nlm.nih.gov/gene/1511	immune cells	bone marrow	94090-1.4
Amblyomma-americanum_evm.model.contig-94090-1.4	P24158	4.2	5	328	478	4	0.464	82.1	3.8	0.8	0.79	0.792	PRTN3_HUMAN	Myeloblastin (EC 3.4.21.76) (AGP7) (C-ANCA antigen) (Leukocyte proteinase 3) (PR-3) (PR3) (Neutrophil proteinase 4) (NP-4) (P29) (Wegener autoantigen)	https://www.ncbi.nlm.nih.gov/gene/5657	immune cells	bone marrow*	94090-1.4
Amblyomma-americanum_evm.model.contig-94090-1.4	Q6GPI1	4.2	5	329	464	3	0.576	87.5	2.9	0.83	0.87	0.862	CTRB2_HUMAN	Chymotrypsinogen B2 (EC 3.4.21.1) [Cleaved into: Chymotrypsin B2 chain A; Chymotrypsin B2 chain B; Chymotrypsin B2 chain C]	https://www.ncbi.nlm.nih.gov/gene/?term=Homo+sapiens+chymotrypsinogen+B2	other	pancreas	94090-1.4
Amblyomma-americanum_evm.model.contig-94090-1.4	P10144	4.2	5	325	469	4	0.467	81.6	4	0.81	0.84	0.834	GRAB_HUMAN	Granzyme B (EC 3.4.21.79) (C11) (CTLA-1) (Cathepsin G-like 1) (CTSGL1) (Cytotoxic T-lymphocyte proteinase 2) (Lymphocyte protease) (Fragmentin-2) (Granzyme-2) (Human lymphocyte protein) (HLP) (SECT) (T-cell serine protease 1-3E)	https://www.ncbi.nlm.nih.gov/gene/3002	immune cells	bone marrow, appendix, lung, lymph node, spleen	94090-1.4
Amblyomma-americanum_evm.model.contig-94090-1.4	Q99895	4.1	5	355	541	3	0.555	86.7	3.5	0.83	0.87	0.862	CTRC_HUMAN	Chymotrypsin-C (EC 3.4.21.2) (Caldecrin)	https://www.ncbi.nlm.nih.gov/gene/11330	other	pancreas	94090-1.4
Amblyomma-americanum_evm.model.contig-94090-1.4	P08218	4.1	5	363	564	3	0.55	83.1	4.1	0.83	0.87	0.862	CEL2B_HUMAN	Chymotrypsin-like elastase family member 2B (EC 3.4.21.71) (Elastase-2B)	https://www.ncbi.nlm.nih.gov/gene/51032	other	pancreas	94090-1.4
Amblyomma-americanum_evm.model.contig-94090-1.4	P08861	4.1	5	365	555	3	0.586	85.8	3.9	0.8	0.83	0.824	CEL3B_HUMAN	Chymotrypsin-like elastase family member 3B (EC 3.4.21.70) (Elastase IIIB) (Elastase-3B) (Protease E)	https://www.ncbi.nlm.nih.gov/gene/23436	other	pancreas	94090-1.4
Amblyomma-americanum_evm.model.contig-94090-1.4	P51124	4.1	5	328	504	3	0.576	87.1	3.4	0.81	0.83	0.826	GRAM_HUMAN	Granzyme M (EC 3.4.21.-) (Met-1 serine protease) (Hu-Met-1) (Met-ase) (Natural killer cell granular protease)	https://www.ncbi.nlm.nih.gov/gene/3004	immune cells	spleen, lymph node, bone marrow, appendix	94090-1.4
Amblyomma-americanum_evm.model.contig-94090-1.4	P23946	4	5	314	491	3	0.588	87.6	2.8	0.82	0.86	0.852	CMA1_HUMAN	Chymase (EC 3.4.21.39) (Alpha-chymase) (Mast cell protease I)	https://www.ncbi.nlm.nih.gov/gene/1215	immune cells	colon, esophagus, gall bladder, small intenstine	94090-1.4
Amblyomma-americanum_evm.model.contig-94090-1.4	Q9UKQ9	4	5	348	542	4	0.563	85.6	3.1	0.82	0.86	0.852	KLK9_HUMAN	Kallikrein-9 (EC 3.4.21.-) (Kallikrein-like protein 3) (KLK-L3)	https://www.ncbi.nlm.nih.gov/gene/284366	skin	skin, esophagus	94090-1.4
Amblyomma-americanum_evm.model.contig-94090-1.4	P49862	3.9	5	270	459	3	0.533	84.4	4	0.78	0.82	0.812	KLK7_HUMAN	Kallikrein-7 (hK7) (EC 3.4.21.117) (Serine protease 6) (Stratum corneum chymotryptic enzyme) (hSCCE)	https://www.ncbi.nlm.nih.gov/gene/5650	skin	skin, esophagus	94090-1.4
Amblyomma-americanum_evm.model.contig-94090-1.4	P00746	3.9	5	308	549	2	0.6	87.6	2.7	0.83	0.84	0.838	CFAD_HUMAN	Complement factor D (EC 3.4.21.46) (Adipsin) (C3 convertase activator) (Properdin factor D)	https://www.ncbi.nlm.nih.gov/gene/1675	other	colon, fat, prostate	94090-1.4
Amblyomma-americanum_evm.model.contig-94090-1.4	Q8NF86	3.7	5	239	493	3	0.518	81.7	4.4	0.79	0.82	0.814	PRS33_HUMAN	Serine protease 33 (EC 3.4.21.-) (Serine protease EOS)	https://www.ncbi.nlm.nih.gov/gene/260429	immune cells	none	94090-1.4
Amblyomma-americanum_evm.model.contig-94090-1.4	Q9Y5K2	3.4	5	34	532	2	0.573	87.1	2.7	0.83	0.83	0.83	KLK4_HUMAN	Kallikrein-4 (EC 3.4.21.-) (Enamel matrix serine proteinase 1) (Kallikrein-like protein 1) (KLK-L1) (Prostase) (Serine protease 17)	https://www.ncbi.nlm.nih.gov/gene/9622	other	prostate	94090-1.4
Amblyomma-americanum_evm.model.contig-94090-1.4	P07477	2.9	5	33	430	5	0.514	83.7	4.1	0.77	0.82	0.81	TRY1_HUMAN	Serine protease 1 (EC 3.4.21.4) (Anionic trypsin I) (Anionic trypsin-I) (Beta-trypsin) (Cationic trypsinogen) (Pretrypsinogen I) (Trypsin I) (Trypsin-1) [Cleaved into: Alpha-trypsin chain 1; Alpha-trypsin chain 2]	https://www.ncbi.nlm.nih.gov/gene/5644	other	pancreas	94090-1.4
Amblyomma-americanum_evm.model.contig-94090-1.4	P07478	2.8	5	49	470	5	0.518	84	4.1	0.78	0.83	0.82	TRY2_HUMAN	Trypsin-2 (EC 3.4.21.4) (Anionic trypsinogen) (Serine protease 2) (Trypsin II)	https://www.ncbi.nlm.nih.gov/gene/5645	other	pancreas	94090-1.4
Amblyomma-americanum_evm.model.contig-94090-1.4	P17538	2.8	5	28	565	3	0.566	88	3.5	0.81	0.87	0.858	CTRB1_HUMAN	Chymotrypsinogen B (EC 3.4.21.1) [Cleaved into: Chymotrypsin B chain A; Chymotrypsin B chain B; Chymotrypsin B chain C]	https://www.ncbi.nlm.nih.gov/gene/1504	other	pancreas	94090-1.4
Amblyomma-americanum_evm.model.contig-94090-1.4	O60259	2.7	4	169	468	1	0.508	84.3	4.1	0.77	0.81	0.802	KLK8_HUMAN	Kallikrein-8 (hK8) (EC 3.4.21.118) (Neuropsin) (NP) (Ovasin) (Serine protease 19) (Serine protease TADG-14) (Tumor-associated differentially expressed gene 14 protein)	https://www.ncbi.nlm.nih.gov/gene/11202	skin	skin, esophagus	94090-1.4
Amblyomma-americanum_evm.model.contig-94090-1.4	P20151	2.5	5	14	506	2	0.526	80.9	4.3	0.76	0.84	0.824	KLK2_HUMAN	Kallikrein-2 (EC 3.4.21.35) (Glandular kallikrein-1) (hGK-1) (Tissue kallikrein-2)	https://www.ncbi.nlm.nih.gov/gene/3817	other	prostate	94090-1.4
Amblyomma-americanum_evm.model.contig-94090-1.4	Q8NHM4	2.3	5	16	523	3	0.497	83.6	4.9	0.75	0.82	0.806	TRY6_HUMAN	Putative trypsin-6 (EC 3.4.21.4) (Serine protease 3 pseudogene 2) (Trypsinogen C)	https://www.ncbi.nlm.nih.gov/gene/?term=Homo+sapiens+Putative+trypsin-6	none	none	94090-1.4
Amblyomma-americanum_evm.model.contig-94090-1.4	P06870	2.1	4	41	589	5	0.545	83.6	4	0.77	0.84	0.826	KLK1_HUMAN	Kallikrein-1 (EC 3.4.21.35) (Kidney/pancreas/salivary gland kallikrein) (Tissue kallikrein)	https://www.ncbi.nlm.nih.gov/gene/3816	other	salivary gland, pancreas	94090-1.4
Amblyomma-americanum_evm.model.contig-94090-1.4	A1L453	1.8	4	54	953	1	0.554	82.7	3.5	0.78	0.78	0.78	PRS38_HUMAN	Serine protease 38 (EC 3.4.21.-) (Marapsin-2)	https://www.ncbi.nlm.nih.gov/gene/339501	other	testis	94090-1.4
Amblyomma-americanum_evm.model.contig-94090-1.4	Q9H2R5	1.8	5	5	784	2	0.54	86.3	3.3	0.81	0.83	0.826	KLK15_HUMAN	Kallikrein-15 (EC 3.4.21.-) (ACO protease)	https://www.ncbi.nlm.nih.gov/gene/55554	other	colon, salivary gland, testis	94090-1.4
Amblyomma-americanum_evm.model.contig-94090-1.4	Q9UKR0	1.8	4	39	803	1	0.508	80.1	4.3	0.81	0.84	0.834	KLK12_HUMAN	Kallikrein-12 (EC 3.4.21.-) (Kallikrein-like protein 5) (KLK-L5)	https://www.ncbi.nlm.nih.gov/gene/43849	other	esophagus, colon, salivary gland	94090-1.4
Amblyomma-americanum_evm.model.contig-94090-1.4	Q9P0G3	1.5	5	12	731	5	0.53	87.3	3.5	0.79	0.81	0.806	KLK14_HUMAN	Kallikrein-14 (hK14) (EC 3.4.21.-) (Kallikrein-like protein 6) (KLK-L6)	https://www.ncbi.nlm.nih.gov/gene/43847	skin	skin	94090-1.4
Amblyomma-americanum_evm.model.contig-94090-1.4	Q15661	1.1	3	7	564	2	0.469	83.8	4.1	0.75	0.8	0.79	TRYB1_HUMAN	Tryptase alpha/beta-1 (Tryptase-1) (EC 3.4.21.59) (Tryptase I) (Tryptase alpha-1)	https://www.ncbi.nlm.nih.gov/gene/?term=Homo+sapiens+tryptase+alpha%2Fbeta-1	immune cells	gall bladder, colon, lung, stomach	94090-1.4
