Protein_1,Protein_2,pTM,ipTM,Ranking_confidence
Amblyomma-americanum_evm.model.contig-94090-1.4,A0A8Q3WKW0,0.83,0.9,0.886
Amblyomma-americanum_evm.model.contig-94090-1.4,U3KQV5,0.83,0.9,0.886
Amblyomma-americanum_evm.model.contig-94090-1.4,A0A7I2V3D1,0.85,0.88,0.874
Amblyomma-americanum_evm.model.contig-94090-1.4,P08217,0.83,0.88,0.87
Amblyomma-americanum_evm.model.contig-94090-1.4,U3KPS2,0.85,0.87,0.866
Amblyomma-americanum_evm.model.contig-94090-1.4,A0A2R8YCR2,0.84,0.87,0.864
Amblyomma-americanum_evm.model.contig-94090-1.4,Q6GPI1,0.83,0.87,0.862
Amblyomma-americanum_evm.model.contig-94090-1.4,Q99895,0.83,0.87,0.862
Amblyomma-americanum_evm.model.contig-94090-1.4,P08218,0.83,0.87,0.862
Amblyomma-americanum_evm.model.contig-94090-1.4,P17538,0.81,0.87,0.858
Amblyomma-americanum_evm.model.contig-94090-1.4,P40313,0.83,0.86,0.854
Amblyomma-americanum_evm.model.contig-94090-1.4,P20718,0.83,0.86,0.854
Amblyomma-americanum_evm.model.contig-94090-1.4,J3KQ52,0.83,0.86,0.854
Amblyomma-americanum_evm.model.contig-94090-1.4,Q9UKQ9,0.82,0.86,0.852
Amblyomma-americanum_evm.model.contig-94090-1.4,P23946,0.82,0.86,0.852
Amblyomma-americanum_evm.model.contig-94090-1.4,P08311,0.81,0.85,0.842
Amblyomma-americanum_evm.model.contig-94090-1.4,Q92876,0.81,0.85,0.842
Amblyomma-americanum_evm.model.contig-94090-1.4,A0A2R8YG87,0.79,0.85,0.838
Amblyomma-americanum_evm.model.contig-94090-1.4,P00746,0.83,0.84,0.838
Amblyomma-americanum_evm.model.contig-94090-1.4,A0A0C4DFQ5,0.83,0.84,0.838
Amblyomma-americanum_evm.model.contig-94090-1.4,Q9UKR0,0.81,0.84,0.834
Amblyomma-americanum_evm.model.contig-94090-1.4,P10144,0.81,0.84,0.834
Amblyomma-americanum_evm.model.contig-94090-1.4,Q9Y5K2,0.83,0.83,0.83
Amblyomma-americanum_evm.model.contig-94090-1.4,Q9UNI1,0.82,0.83,0.828
Amblyomma-americanum_evm.model.contig-94090-1.4,P06870,0.77,0.84,0.826
Amblyomma-americanum_evm.model.contig-94090-1.4,Q9H2R5,0.81,0.83,0.826
Amblyomma-americanum_evm.model.contig-94090-1.4,P51124,0.81,0.83,0.826
Amblyomma-americanum_evm.model.contig-94090-1.4,P20151,0.76,0.84,0.824
Amblyomma-americanum_evm.model.contig-94090-1.4,P08861,0.8,0.83,0.824
Amblyomma-americanum_evm.model.contig-94090-1.4,P09093,0.8,0.83,0.824
Amblyomma-americanum_evm.model.contig-94090-1.4,K7ERG9,0.82,0.82,0.82
Amblyomma-americanum_evm.model.contig-94090-1.4,P07478,0.78,0.83,0.82
Amblyomma-americanum_evm.model.contig-94090-1.4,A6XGL3,0.77,0.83,0.818
Amblyomma-americanum_evm.model.contig-94090-1.4,Q8NF86,0.79,0.82,0.814
Amblyomma-americanum_evm.model.contig-94090-1.4,P08246,0.82,0.81,0.812
Amblyomma-americanum_evm.model.contig-94090-1.4,P49862,0.78,0.82,0.812
Amblyomma-americanum_evm.model.contig-94090-1.4,P07477,0.77,0.82,0.81
Amblyomma-americanum_evm.model.contig-94090-1.4,Q9P0G3,0.79,0.81,0.806
Amblyomma-americanum_evm.model.contig-94090-1.4,Q8NHM4,0.75,0.82,0.806
Amblyomma-americanum_evm.model.contig-94090-1.4,A0A0J9YYC8,0.74,0.82,0.804
Amblyomma-americanum_evm.model.contig-94090-1.4,O60259,0.77,0.81,0.802
Amblyomma-americanum_evm.model.contig-94090-1.4,A6XMV9,0.75,0.81,0.798
Amblyomma-americanum_evm.model.contig-94090-1.4,P24158,0.8,0.79,0.792
Amblyomma-americanum_evm.model.contig-94090-1.4,Q15661,0.75,0.8,0.79
Amblyomma-americanum_evm.model.contig-94090-1.4,P20160,0.79,0.79,0.79
Amblyomma-americanum_evm.model.contig-94090-1.4,A1L453,0.78,0.78,0.78
Amblyomma-americanum_evm.model.contig-94090-1.4,A0A0A0MSA6,0.78,0.76,0.764
Amblyomma-americanum_evm.model.contig-94090-1.4,G5EA43,0.78,0.75,0.756
Amblyomma-americanum_evm.model.contig-94090-1.4,A0A3B3ISV0,0.79,0.74,0.75
Amblyomma-americanum_evm.model.contig-94090-1.4,Q86WS5,0.75,0.75,0.75
Amblyomma-americanum_evm.model.contig-94090-1.4,Q9UKR3,0.74,0.75,0.748
Amblyomma-americanum_evm.model.contig-94090-1.4,O43240,0.77,0.74,0.746
Amblyomma-americanum_evm.model.contig-94090-1.4,A0A7P0T9X7,0.59,0.78,0.742
Amblyomma-americanum_evm.model.contig-94090-1.4,P49913,0.71,0.75,0.742
Amblyomma-americanum_evm.model.contig-94090-1.4,Q7RTY9,0.75,0.74,0.742
Amblyomma-americanum_evm.model.contig-94090-1.4,P00739,0.79,0.73,0.742
Amblyomma-americanum_evm.model.contig-94090-1.4,A0A0A6YYJ0,0.5,0.8,0.74
Amblyomma-americanum_evm.model.contig-94090-1.4,A0A8Q3WKV6,0.73,0.74,0.738
Amblyomma-americanum_evm.model.contig-94090-1.4,A0A7P0T8P1,0.6,0.77,0.736
Amblyomma-americanum_evm.model.contig-94090-1.4,Q16651,0.74,0.73,0.732
Amblyomma-americanum_evm.model.contig-94090-1.4,Q8IYR6,0.47,0.79,0.726
Amblyomma-americanum_evm.model.contig-94090-1.4,Q7RTY5,0.74,0.72,0.724
Amblyomma-americanum_evm.model.contig-94090-1.4,P04156,0.6,0.75,0.72
Amblyomma-americanum_evm.model.contig-94090-1.4,A6NIE9,0.72,0.72,0.72
Amblyomma-americanum_evm.model.contig-94090-1.4,A0A7P0MNE9,0.7,0.72,0.716
Amblyomma-americanum_evm.model.contig-94090-1.4,A0A087X1Q2,0.75,0.7,0.71
Amblyomma-americanum_evm.model.contig-94090-1.4,I3L3C7,0.69,0.71,0.706
Amblyomma-americanum_evm.model.contig-94090-1.4,Q14508,0.7,0.7,0.7
Amblyomma-americanum_evm.model.contig-94090-1.4,K7ESI5,0.66,0.71,0.7
Amblyomma-americanum_evm.model.contig-94090-1.4,F5H0U3,0.66,0.71,0.7
Amblyomma-americanum_evm.model.contig-94090-1.4,A0AA34QVK3,0.73,0.69,0.698
Amblyomma-americanum_evm.model.contig-94090-1.4,Q7Z5A4,0.71,0.69,0.694
Amblyomma-americanum_evm.model.contig-94090-1.4,C9JVA8,0.75,0.68,0.694
Amblyomma-americanum_evm.model.contig-94090-1.4,A0A2R8YGP0,0.74,0.68,0.692
Amblyomma-americanum_evm.model.contig-94090-1.4,D6RAM7,0.7,0.69,0.692
Amblyomma-americanum_evm.model.contig-94090-1.4,O95925,0.72,0.68,0.688
Amblyomma-americanum_evm.model.contig-94090-1.4,F5GYA3,0.59,0.71,0.686
Amblyomma-americanum_evm.model.contig-94090-1.4,P00995,0.7,0.68,0.684
Amblyomma-americanum_evm.model.contig-94090-1.4,Q9UBX7,0.73,0.67,0.682
Amblyomma-americanum_evm.model.contig-94090-1.4,P49863,0.76,0.66,0.68
Amblyomma-americanum_evm.model.contig-94090-1.4,C9JV37,0.54,0.71,0.676
Amblyomma-americanum_evm.model.contig-94090-1.4,Q6NTF9,0.65,0.68,0.674
Amblyomma-americanum_evm.model.contig-94090-1.4,H7BXK7,0.65,0.67,0.666
Amblyomma-americanum_evm.model.contig-94090-1.4,P35030,0.68,0.66,0.664
Amblyomma-americanum_evm.model.contig-94090-1.4,P62258,0.71,0.65,0.662
Amblyomma-americanum_evm.model.contig-94090-1.4,P10145,0.7,0.65,0.66
Amblyomma-americanum_evm.model.contig-94090-1.4,A0A087WWJ8,0.7,0.64,0.652
Amblyomma-americanum_evm.model.contig-94090-1.4,F8WE70,0.68,0.64,0.648
Amblyomma-americanum_evm.model.contig-94090-1.4,Q6UWB4,0.68,0.64,0.648
Amblyomma-americanum_evm.model.contig-94090-1.4,P20155,0.71,0.63,0.646
Amblyomma-americanum_evm.model.contig-94090-1.4,B7Z7Q6,0.81,0.6,0.642
Amblyomma-americanum_evm.model.contig-94090-1.4,F5H8B0,0.72,0.62,0.64
Amblyomma-americanum_evm.model.contig-94090-1.4,O95633,0.63,0.64,0.638
Amblyomma-americanum_evm.model.contig-94090-1.4,P35080,0.67,0.63,0.638
Amblyomma-americanum_evm.model.contig-94090-1.4,A0A1B0GVM9,0.64,0.63,0.632
Amblyomma-americanum_evm.model.contig-94090-1.4,E9PR70,0.66,0.62,0.628
Amblyomma-americanum_evm.model.contig-94090-1.4,A0A1W2PS40,0.53,0.65,0.626
Amblyomma-americanum_evm.model.contig-94090-1.4,P42574,0.71,0.6,0.622
Amblyomma-americanum_evm.model.contig-94090-1.4,P02760,0.49,0.65,0.618
Amblyomma-americanum_evm.model.contig-94090-1.4,P07288,0.64,0.61,0.616
Amblyomma-americanum_evm.model.contig-94090-1.4,K7EP43,0.65,0.6,0.61
Amblyomma-americanum_evm.model.contig-94090-1.4,H0Y7G9,0.61,0.6,0.602
Amblyomma-americanum_evm.model.contig-94090-1.4,C9JQ14,0.65,0.59,0.602
Amblyomma-americanum_evm.model.contig-94090-1.4,P04637,0.57,0.61,0.602
Amblyomma-americanum_evm.model.contig-94090-1.4,K7EM91,0.55,0.61,0.598
Amblyomma-americanum_evm.model.contig-94090-1.4,A0A6Q8NYF4,0.7,0.56,0.588
Amblyomma-americanum_evm.model.contig-94090-1.4,A0A0G2JKU3,0.74,0.55,0.588
Amblyomma-americanum_evm.model.contig-94090-1.4,C9JT76,0.65,0.57,0.586
Amblyomma-americanum_evm.model.contig-94090-1.4,Q86VI7,0.67,0.55,0.574
Amblyomma-americanum_evm.model.contig-94090-1.4,Q9Y337,0.66,0.54,0.564
Amblyomma-americanum_evm.model.contig-94090-1.4,P67812,0.54,0.57,0.564
Amblyomma-americanum_evm.model.contig-94090-1.4,D6RI10,0.61,0.54,0.554
Amblyomma-americanum_evm.model.contig-94090-1.4,Q9ULZ3,0.56,0.55,0.552
Amblyomma-americanum_evm.model.contig-94090-1.4,H7C3P2,0.59,0.54,0.55
Amblyomma-americanum_evm.model.contig-94090-1.4,C9JI22,0.63,0.51,0.534
Amblyomma-americanum_evm.model.contig-94090-1.4,A0A6I8PU99,0.64,0.5,0.528
Amblyomma-americanum_evm.model.contig-94090-1.4,A0A7P0MP65,0.63,0.5,0.526
Amblyomma-americanum_evm.model.contig-94090-1.4,P01308,0.65,0.49,0.522
Amblyomma-americanum_evm.model.contig-94090-1.4,E9PK86,0.52,0.52,0.52
Amblyomma-americanum_evm.model.contig-94090-1.4,P14174,0.59,0.5,0.518
Amblyomma-americanum_evm.model.contig-94090-1.4,D6RC51,0.61,0.49,0.514
Amblyomma-americanum_evm.model.contig-94090-1.4,O75636,0.62,0.48,0.508
Amblyomma-americanum_evm.model.contig-94090-1.4,C9JMH6,0.58,0.49,0.508
Amblyomma-americanum_evm.model.contig-94090-1.4,P49788,0.61,0.48,0.506
Amblyomma-americanum_evm.model.contig-94090-1.4,F8WCQ4,0.5,0.5,0.5
Amblyomma-americanum_evm.model.contig-94090-1.4,K7ER56,0.47,0.5,0.494
Amblyomma-americanum_evm.model.contig-94090-1.4,E9PRS3,0.6,0.46,0.488
Amblyomma-americanum_evm.model.contig-94090-1.4,E9PPV6,0.64,0.45,0.488
Amblyomma-americanum_evm.model.contig-94090-1.4,D6RHU5,0.55,0.47,0.486
Amblyomma-americanum_evm.model.contig-94090-1.4,D6RIU5,0.66,0.44,0.484
Amblyomma-americanum_evm.model.contig-94090-1.4,F5H8D2,0.73,0.42,0.482
Amblyomma-americanum_evm.model.contig-94090-1.4,M0QZ63,0.63,0.44,0.478
Amblyomma-americanum_evm.model.contig-94090-1.4,Q9BQY6,0.63,0.44,0.478
Amblyomma-americanum_evm.model.contig-94090-1.4,E7ESG9,0.66,0.43,0.476
Amblyomma-americanum_evm.model.contig-94090-1.4,C9JN98,0.65,0.43,0.474
Amblyomma-americanum_evm.model.contig-94090-1.4,G3V124,0.61,0.44,0.474
Amblyomma-americanum_evm.model.contig-94090-1.4,A0A3B3IRW1,0.6,0.44,0.472
Amblyomma-americanum_evm.model.contig-94090-1.4,A0A7I2V3B2,0.68,0.42,0.472
Amblyomma-americanum_evm.model.contig-94090-1.4,A0A0U1RQB8,0.59,0.44,0.47
Amblyomma-americanum_evm.model.contig-94090-1.4,A0A0J9YY65,0.54,0.45,0.468
Amblyomma-americanum_evm.model.contig-94090-1.4,E9PJH8,0.64,0.42,0.464
Amblyomma-americanum_evm.model.contig-94090-1.4,H0YJA1,0.52,0.44,0.456
Amblyomma-americanum_evm.model.contig-94090-1.4,H0Y8D1,0.6,0.42,0.456
Amblyomma-americanum_evm.model.contig-94090-1.4,P06748,0.43,0.46,0.454
Amblyomma-americanum_evm.model.contig-94090-1.4,P16860,0.58,0.42,0.452
Amblyomma-americanum_evm.model.contig-94090-1.4,A6NHS7,0.38,0.47,0.452
Amblyomma-americanum_evm.model.contig-94090-1.4,M0R1F0,0.65,0.4,0.45
Amblyomma-americanum_evm.model.contig-94090-1.4,Q9UQ80,0.68,0.39,0.448
Amblyomma-americanum_evm.model.contig-94090-1.4,C9JNP8,0.43,0.45,0.446
Amblyomma-americanum_evm.model.contig-94090-1.4,G3V595,0.63,0.4,0.446
Amblyomma-americanum_evm.model.contig-94090-1.4,I3L4Z3,0.57,0.41,0.442
Amblyomma-americanum_evm.model.contig-94090-1.4,A0A087WUI4,0.62,0.39,0.436
Amblyomma-americanum_evm.model.contig-94090-1.4,P30086,0.62,0.39,0.436
Amblyomma-americanum_evm.model.contig-94090-1.4,H0YG61,0.7,0.37,0.436
Amblyomma-americanum_evm.model.contig-94090-1.4,P07093,0.69,0.37,0.434
Amblyomma-americanum_evm.model.contig-94090-1.4,A0A1R3UHJ7,0.64,0.38,0.432
Amblyomma-americanum_evm.model.contig-94090-1.4,E9PIB7,0.63,0.38,0.43
Amblyomma-americanum_evm.model.contig-94090-1.4,A0A3B3ISY1,0.58,0.39,0.428
Amblyomma-americanum_evm.model.contig-94090-1.4,A0A7I2V4D1,0.65,0.36,0.418
Amblyomma-americanum_evm.model.contig-94090-1.4,F2Z2N5,0.48,0.4,0.416
Amblyomma-americanum_evm.model.contig-94090-1.4,F8WCZ2,0.6,0.37,0.416
Amblyomma-americanum_evm.model.contig-94090-1.4,E7ENM6,0.55,0.38,0.414
Amblyomma-americanum_evm.model.contig-94090-1.4,Q9H3Y0,0.58,0.37,0.412
Amblyomma-americanum_evm.model.contig-94090-1.4,C9JMA2,0.49,0.39,0.41
Amblyomma-americanum_evm.model.contig-94090-1.4,E9PMI5,0.52,0.38,0.408
Amblyomma-americanum_evm.model.contig-94090-1.4,Q9NRR2,0.55,0.37,0.406
Amblyomma-americanum_evm.model.contig-94090-1.4,G3V2M1,0.54,0.37,0.404
Amblyomma-americanum_evm.model.contig-94090-1.4,A0A7I2V5R3,0.46,0.39,0.404
Amblyomma-americanum_evm.model.contig-94090-1.4,A0A087WTU6,0.7,0.33,0.404
Amblyomma-americanum_evm.model.contig-94090-1.4,A0A0A0MTJ2,0.46,0.39,0.404
Amblyomma-americanum_evm.model.contig-94090-1.4,O43692,0.53,0.37,0.402
Amblyomma-americanum_evm.model.contig-94090-1.4,I3L3A6,0.69,0.33,0.402
Amblyomma-americanum_evm.model.contig-94090-1.4,Q8IUB2,0.52,0.37,0.4
Amblyomma-americanum_evm.model.contig-94090-1.4,Q96T52,0.58,0.35,0.396
Amblyomma-americanum_evm.model.contig-94090-1.4,P12544,0.61,0.34,0.394
Amblyomma-americanum_evm.model.contig-94090-1.4,A0A2R8YEF5,0.69,0.32,0.394
Amblyomma-americanum_evm.model.contig-94090-1.4,R4GN05,0.57,0.35,0.394
Amblyomma-americanum_evm.model.contig-94090-1.4,E5RIH1,0.57,0.35,0.394
Amblyomma-americanum_evm.model.contig-94090-1.4,H3BQ67,0.48,0.37,0.392
Amblyomma-americanum_evm.model.contig-94090-1.4,Q8IUB5,0.64,0.33,0.392
Amblyomma-americanum_evm.model.contig-94090-1.4,K7EPJ0,0.53,0.35,0.386
Amblyomma-americanum_evm.model.contig-94090-1.4,O95084,0.61,0.33,0.386
Amblyomma-americanum_evm.model.contig-94090-1.4,P0DP25,0.48,0.36,0.384
Amblyomma-americanum_evm.model.contig-94090-1.4,P0DP23,0.48,0.36,0.384
Amblyomma-americanum_evm.model.contig-94090-1.4,P0DP24,0.48,0.36,0.384
Amblyomma-americanum_evm.model.contig-94090-1.4,G5EA47,0.59,0.33,0.382
Amblyomma-americanum_evm.model.contig-94090-1.4,H7C0U0,0.55,0.34,0.382
Amblyomma-americanum_evm.model.contig-94090-1.4,E9PMX2,0.63,0.32,0.382
Amblyomma-americanum_evm.model.contig-94090-1.4,F2Z2G5,0.63,0.32,0.382
Amblyomma-americanum_evm.model.contig-94090-1.4,E7EQ64,0.62,0.32,0.38
Amblyomma-americanum_evm.model.contig-94090-1.4,H7C1V6,0.66,0.31,0.38
Amblyomma-americanum_evm.model.contig-94090-1.4,H0YAL9,0.54,0.34,0.38
Amblyomma-americanum_evm.model.contig-94090-1.4,A0A7I2YQ98,0.69,0.3,0.378
Amblyomma-americanum_evm.model.contig-94090-1.4,B1AQ55,0.65,0.31,0.378
Amblyomma-americanum_evm.model.contig-94090-1.4,I3L3D7,0.56,0.33,0.376
Amblyomma-americanum_evm.model.contig-94090-1.4,E9PL49,0.68,0.3,0.376
Amblyomma-americanum_evm.model.contig-94090-1.4,H3BSM2,0.44,0.36,0.376
Amblyomma-americanum_evm.model.contig-94090-1.4,K7EMB9,0.67,0.3,0.374
Amblyomma-americanum_evm.model.contig-94090-1.4,A0A2R8YD72,0.63,0.31,0.374
Amblyomma-americanum_evm.model.contig-94090-1.4,A0A6Q8PF34,0.5,0.34,0.372
Amblyomma-americanum_evm.model.contig-94090-1.4,A0A6Q8LYX2,0.57,0.32,0.37
Amblyomma-americanum_evm.model.contig-94090-1.4,I3L162,0.57,0.32,0.37
Amblyomma-americanum_evm.model.contig-94090-1.4,X6R3B1,0.57,0.32,0.37
Amblyomma-americanum_evm.model.contig-94090-1.4,C9J1C7,0.59,0.31,0.366
Amblyomma-americanum_evm.model.contig-94090-1.4,A0A0B4J221,0.67,0.29,0.366
Amblyomma-americanum_evm.model.contig-94090-1.4,Q6UWN8,0.63,0.3,0.366
Amblyomma-americanum_evm.model.contig-94090-1.4,I3NI28,0.53,0.32,0.362
Amblyomma-americanum_evm.model.contig-94090-1.4,Q8TEB9,0.53,0.32,0.362
Amblyomma-americanum_evm.model.contig-94090-1.4,Q6UDR6,0.6,0.3,0.36
Amblyomma-americanum_evm.model.contig-94090-1.4,A0A0G2JRN3,0.6,0.3,0.36
Amblyomma-americanum_evm.model.contig-94090-1.4,A0A3B3IU24,0.48,0.33,0.36
Amblyomma-americanum_evm.model.contig-94090-1.4,E9PIG2,0.55,0.31,0.358
Amblyomma-americanum_evm.model.contig-94090-1.4,H0YAX8,0.67,0.28,0.358
Amblyomma-americanum_evm.model.contig-94090-1.4,A0A8Q3SJ36,0.47,0.33,0.358
Amblyomma-americanum_evm.model.contig-94090-1.4,Q9BQR3,0.62,0.29,0.356
Amblyomma-americanum_evm.model.contig-94090-1.4,Q8TCV5,0.5,0.32,0.356
Amblyomma-americanum_evm.model.contig-94090-1.4,P0C7V7,0.54,0.31,0.356
Amblyomma-americanum_evm.model.contig-94090-1.4,K7EJS4,0.66,0.28,0.356
Amblyomma-americanum_evm.model.contig-94090-1.4,C9J1C1,0.65,0.28,0.354
Amblyomma-americanum_evm.model.contig-94090-1.4,M0QXE9,0.65,0.28,0.354
Amblyomma-americanum_evm.model.contig-94090-1.4,Q8IUB3,0.65,0.28,0.354
Amblyomma-americanum_evm.model.contig-94090-1.4,H3BU75,0.65,0.28,0.354
Amblyomma-americanum_evm.model.contig-94090-1.4,A0A1B0GU38,0.56,0.3,0.352
Amblyomma-americanum_evm.model.contig-94090-1.4,F8WDA6,0.64,0.28,0.352
Amblyomma-americanum_evm.model.contig-94090-1.4,A0A2R8Y517,0.64,0.28,0.352
Amblyomma-americanum_evm.model.contig-94090-1.4,F2Z2K8,0.64,0.28,0.352
Amblyomma-americanum_evm.model.contig-94090-1.4,A0A7I2YQT8,0.64,0.28,0.352
Amblyomma-americanum_evm.model.contig-94090-1.4,A0A0C4DGJ9,0.59,0.29,0.35
Amblyomma-americanum_evm.model.contig-94090-1.4,Q6UXR4,0.54,0.3,0.348
Amblyomma-americanum_evm.model.contig-94090-1.4,H0YNG3,0.53,0.3,0.346
Amblyomma-americanum_evm.model.contig-94090-1.4,A0A6Q8PHI8,0.57,0.29,0.346
Amblyomma-americanum_evm.model.contig-94090-1.4,C9JA68,0.57,0.29,0.346
Amblyomma-americanum_evm.model.contig-94090-1.4,H0Y8K7,0.65,0.27,0.346
Amblyomma-americanum_evm.model.contig-94090-1.4,A0A7I2V3T2,0.56,0.29,0.344
Amblyomma-americanum_evm.model.contig-94090-1.4,H0YNX5,0.6,0.28,0.344
Amblyomma-americanum_evm.model.contig-94090-1.4,H3BSV0,0.67,0.26,0.342
Amblyomma-americanum_evm.model.contig-94090-1.4,Q5JRU4,0.58,0.28,0.34
Amblyomma-americanum_evm.model.contig-94090-1.4,E5RJR8,0.62,0.27,0.34
Amblyomma-americanum_evm.model.contig-94090-1.4,P09668,0.62,0.27,0.34
Amblyomma-americanum_evm.model.contig-94090-1.4,I3L0U2,0.54,0.29,0.34
Amblyomma-americanum_evm.model.contig-94090-1.4,Q7RTY3,0.57,0.28,0.338
Amblyomma-americanum_evm.model.contig-94090-1.4,G3V4V7,0.57,0.28,0.338
Amblyomma-americanum_evm.model.contig-94090-1.4,E5RFX6,0.65,0.26,0.338
Amblyomma-americanum_evm.model.contig-94090-1.4,P49223,0.61,0.27,0.338
Amblyomma-americanum_evm.model.contig-94090-1.4,K7EJQ7,0.53,0.29,0.338
Amblyomma-americanum_evm.model.contig-94090-1.4,H3BMB6,0.4,0.32,0.336
Amblyomma-americanum_evm.model.contig-94090-1.4,F8WBF8,0.64,0.26,0.336
Amblyomma-americanum_evm.model.contig-94090-1.4,A0A2R8Y7U1,0.68,0.25,0.336
Amblyomma-americanum_evm.model.contig-94090-1.4,A0A0C4DGM1,0.55,0.28,0.334
Amblyomma-americanum_evm.model.contig-94090-1.4,H0Y2Y0,0.63,0.26,0.334
Amblyomma-americanum_evm.model.contig-94090-1.4,E9PR79,0.67,0.25,0.334
Amblyomma-americanum_evm.model.contig-94090-1.4,Q6UWY2,0.58,0.27,0.332
Amblyomma-americanum_evm.model.contig-94090-1.4,K7EQ67,0.62,0.26,0.332
Amblyomma-americanum_evm.model.contig-94090-1.4,E9PR99,0.62,0.26,0.332
Amblyomma-americanum_evm.model.contig-94090-1.4,A0A1B0GX82,0.57,0.27,0.33
Amblyomma-americanum_evm.model.contig-94090-1.4,C9JLU5,0.65,0.25,0.33
Amblyomma-americanum_evm.model.contig-94090-1.4,K7EKC8,0.65,0.25,0.33
Amblyomma-americanum_evm.model.contig-94090-1.4,Q5DT21,0.61,0.26,0.33
Amblyomma-americanum_evm.model.contig-94090-1.4,I3L4F9,0.61,0.26,0.33
Amblyomma-americanum_evm.model.contig-94090-1.4,Q9UI38,0.53,0.28,0.33
Amblyomma-americanum_evm.model.contig-94090-1.4,Q107X0,0.56,0.27,0.328
Amblyomma-americanum_evm.model.contig-94090-1.4,C9JQE1,0.56,0.27,0.328
Amblyomma-americanum_evm.model.contig-94090-1.4,F8WF25,0.6,0.26,0.328
Amblyomma-americanum_evm.model.contig-94090-1.4,A0A0A0MR61,0.58,0.26,0.324
Amblyomma-americanum_evm.model.contig-94090-1.4,H0Y893,0.58,0.26,0.324
Amblyomma-americanum_evm.model.contig-94090-1.4,H0YAF9,0.58,0.26,0.324
Amblyomma-americanum_evm.model.contig-94090-1.4,H7C5T9,0.58,0.26,0.324
Amblyomma-americanum_evm.model.contig-94090-1.4,C9JTJ8,0.58,0.26,0.324
Amblyomma-americanum_evm.model.contig-94090-1.4,F5GXT6,0.62,0.25,0.324
Amblyomma-americanum_evm.model.contig-94090-1.4,Q8NEX6,0.62,0.25,0.324
Amblyomma-americanum_evm.model.contig-94090-1.4,F8WBG5,0.62,0.25,0.324
Amblyomma-americanum_evm.model.contig-94090-1.4,Q9GZN4,0.58,0.26,0.324
Amblyomma-americanum_evm.model.contig-94090-1.4,Q8WWY7,0.57,0.26,0.322
Amblyomma-americanum_evm.model.contig-94090-1.4,F5GWT8,0.56,0.26,0.32
Amblyomma-americanum_evm.model.contig-94090-1.4,C9J6L4,0.6,0.25,0.32
Amblyomma-americanum_evm.model.contig-94090-1.4,Q15485,0.52,0.27,0.32
Amblyomma-americanum_evm.model.contig-94090-1.4,Q9Y6M0,0.56,0.26,0.32
Amblyomma-americanum_evm.model.contig-94090-1.4,A4D1T9,0.55,0.26,0.318
Amblyomma-americanum_evm.model.contig-94090-1.4,H7C122,0.55,0.26,0.318
Amblyomma-americanum_evm.model.contig-94090-1.4,H7C045,0.59,0.25,0.318
Amblyomma-americanum_evm.model.contig-94090-1.4,I3L147,0.59,0.25,0.318
Amblyomma-americanum_evm.model.contig-94090-1.4,B0QYB3,0.63,0.24,0.318
Amblyomma-americanum_evm.model.contig-94090-1.4,I3L3F7,0.63,0.24,0.318
Amblyomma-americanum_evm.model.contig-94090-1.4,F8W876,0.55,0.26,0.318
Amblyomma-americanum_evm.model.contig-94090-1.4,Q8NEX5,0.62,0.24,0.316
Amblyomma-americanum_evm.model.contig-94090-1.4,A8MTI9,0.5,0.27,0.316
Amblyomma-americanum_evm.model.contig-94090-1.4,I3L506,0.61,0.24,0.314
Amblyomma-americanum_evm.model.contig-94090-1.4,O60575,0.61,0.24,0.314
Amblyomma-americanum_evm.model.contig-94090-1.4,P09237,0.56,0.25,0.312
Amblyomma-americanum_evm.model.contig-94090-1.4,C9J7N5,0.52,0.26,0.312
Amblyomma-americanum_evm.model.contig-94090-1.4,Q9BY50,0.48,0.27,0.312
Amblyomma-americanum_evm.model.contig-94090-1.4,P03973,0.56,0.25,0.312
Amblyomma-americanum_evm.model.contig-94090-1.4,E9PQ34,0.56,0.25,0.312
Amblyomma-americanum_evm.model.contig-94090-1.4,B0QYB6,0.52,0.26,0.312
Amblyomma-americanum_evm.model.contig-94090-1.4,G3V482,0.56,0.25,0.312
Amblyomma-americanum_evm.model.contig-94090-1.4,E9PNR7,0.6,0.24,0.312
Amblyomma-americanum_evm.model.contig-94090-1.4,Q6IE38,0.6,0.24,0.312
Amblyomma-americanum_evm.model.contig-94090-1.4,H7C4A3,0.6,0.24,0.312
Amblyomma-americanum_evm.model.contig-94090-1.4,C9JIK8,0.51,0.26,0.31
Amblyomma-americanum_evm.model.contig-94090-1.4,A0A1B0GVH4,0.51,0.26,0.31
Amblyomma-americanum_evm.model.contig-94090-1.4,A0A2R8Y7I4,0.55,0.25,0.31
Amblyomma-americanum_evm.model.contig-94090-1.4,H0Y8B9,0.55,0.25,0.31
Amblyomma-americanum_evm.model.contig-94090-1.4,H7C2B0,0.63,0.23,0.31
Amblyomma-americanum_evm.model.contig-94090-1.4,O00602,0.51,0.26,0.31
Amblyomma-americanum_evm.model.contig-94090-1.4,H3BPF7,0.5,0.26,0.308
Amblyomma-americanum_evm.model.contig-94090-1.4,H7BZS9,0.58,0.24,0.308
Amblyomma-americanum_evm.model.contig-94090-1.4,Q9H1F0,0.62,0.23,0.308
Amblyomma-americanum_evm.model.contig-94090-1.4,H0YBM5,0.53,0.25,0.306
Amblyomma-americanum_evm.model.contig-94090-1.4,E9PQB5,0.56,0.24,0.304
Amblyomma-americanum_evm.model.contig-94090-1.4,E9PL85,0.56,0.24,0.304
Amblyomma-americanum_evm.model.contig-94090-1.4,B4DI03,0.52,0.25,0.304
Amblyomma-americanum_evm.model.contig-94090-1.4,I3L1S0,0.6,0.23,0.304
Amblyomma-americanum_evm.model.contig-94090-1.4,E5RG22,0.64,0.22,0.304
Amblyomma-americanum_evm.model.contig-94090-1.4,H3BV53,0.55,0.24,0.302
Amblyomma-americanum_evm.model.contig-94090-1.4,G3V2B9,0.59,0.23,0.302
Amblyomma-americanum_evm.model.contig-94090-1.4,I3L2G7,0.63,0.22,0.302
Amblyomma-americanum_evm.model.contig-94090-1.4,Q12841,0.43,0.27,0.302
Amblyomma-americanum_evm.model.contig-94090-1.4,Q8IUA0,0.46,0.26,0.3
Amblyomma-americanum_evm.model.contig-94090-1.4,A0A0B4J278,0.54,0.24,0.3
Amblyomma-americanum_evm.model.contig-94090-1.4,C9JVB0,0.62,0.22,0.3
Amblyomma-americanum_evm.model.contig-94090-1.4,A0A0C4DG32,0.62,0.22,0.3
Amblyomma-americanum_evm.model.contig-94090-1.4,Q99674,0.42,0.27,0.3
Amblyomma-americanum_evm.model.contig-94090-1.4,K7EQF8,0.53,0.24,0.298
Amblyomma-americanum_evm.model.contig-94090-1.4,K7ERR6,0.48,0.25,0.296
Amblyomma-americanum_evm.model.contig-94090-1.4,E9PKH2,0.48,0.25,0.296
Amblyomma-americanum_evm.model.contig-94090-1.4,M0R208,0.52,0.24,0.296
Amblyomma-americanum_evm.model.contig-94090-1.4,U3KQ41,0.6,0.22,0.296
Amblyomma-americanum_evm.model.contig-94090-1.4,C9JLM5,0.56,0.23,0.296
Amblyomma-americanum_evm.model.contig-94090-1.4,H7BZU0,0.6,0.22,0.296
Amblyomma-americanum_evm.model.contig-94090-1.4,P58062,0.6,0.22,0.296
Amblyomma-americanum_evm.model.contig-94090-1.4,F2Z2G4,0.55,0.23,0.294
Amblyomma-americanum_evm.model.contig-94090-1.4,A8MTL9,0.55,0.23,0.294
Amblyomma-americanum_evm.model.contig-94090-1.4,B4DZV2,0.55,0.23,0.294
Amblyomma-americanum_evm.model.contig-94090-1.4,E9PIG6,0.59,0.22,0.294
Amblyomma-americanum_evm.model.contig-94090-1.4,P81605,0.59,0.22,0.294
Amblyomma-americanum_evm.model.contig-94090-1.4,P20231,0.58,0.22,0.292
Amblyomma-americanum_evm.model.contig-94090-1.4,J3QTS8,0.58,0.22,0.292
Amblyomma-americanum_evm.model.contig-94090-1.4,H0YNB5,0.5,0.24,0.292
Amblyomma-americanum_evm.model.contig-94090-1.4,Q99497,0.54,0.23,0.292
Amblyomma-americanum_evm.model.contig-94090-1.4,I3L107,0.58,0.22,0.292
Amblyomma-americanum_evm.model.contig-94090-1.4,A0A8V8PL11,0.58,0.22,0.292
Amblyomma-americanum_evm.model.contig-94090-1.4,C9JB05,0.62,0.21,0.292
Amblyomma-americanum_evm.model.contig-94090-1.4,A0A2R8YCK4,0.62,0.21,0.292
Amblyomma-americanum_evm.model.contig-94090-1.4,O60911,0.62,0.21,0.292
Amblyomma-americanum_evm.model.contig-94090-1.4,E7ERB5,0.53,0.23,0.29
Amblyomma-americanum_evm.model.contig-94090-1.4,G3V265,0.53,0.23,0.29
Amblyomma-americanum_evm.model.contig-94090-1.4,A0A3B3IS22,0.57,0.22,0.29
Amblyomma-americanum_evm.model.contig-94090-1.4,H0Y9G7,0.57,0.22,0.29
Amblyomma-americanum_evm.model.contig-94090-1.4,H0Y5H9,0.57,0.22,0.29
Amblyomma-americanum_evm.model.contig-94090-1.4,Q96LU5,0.52,0.23,0.288
Amblyomma-americanum_evm.model.contig-94090-1.4,K7EN30,0.52,0.23,0.288
Amblyomma-americanum_evm.model.contig-94090-1.4,H0YNA5,0.56,0.22,0.288
Amblyomma-americanum_evm.model.contig-94090-1.4,C9JL93,0.52,0.23,0.288
Amblyomma-americanum_evm.model.contig-94090-1.4,Q1W4C9,0.6,0.21,0.288
Amblyomma-americanum_evm.model.contig-94090-1.4,H3BVC8,0.6,0.21,0.288
Amblyomma-americanum_evm.model.contig-94090-1.4,A0A7P0T9S6,0.6,0.21,0.288
Amblyomma-americanum_evm.model.contig-94090-1.4,P50453,0.6,0.21,0.288
Amblyomma-americanum_evm.model.contig-94090-1.4,P55085,0.56,0.22,0.288
Amblyomma-americanum_evm.model.contig-94090-1.4,H3BNY0,0.51,0.23,0.286
Amblyomma-americanum_evm.model.contig-94090-1.4,P36952,0.67,0.19,0.286
Amblyomma-americanum_evm.model.contig-94090-1.4,P60709,0.67,0.19,0.286
Amblyomma-americanum_evm.model.contig-94090-1.4,P48307,0.46,0.24,0.284
Amblyomma-americanum_evm.model.contig-94090-1.4,B1AMG8,0.58,0.21,0.284
Amblyomma-americanum_evm.model.contig-94090-1.4,D6RJC5,0.58,0.21,0.284
Amblyomma-americanum_evm.model.contig-94090-1.4,A0A087X1U0,0.57,0.21,0.282
Amblyomma-americanum_evm.model.contig-94090-1.4,E7EV34,0.53,0.22,0.282
Amblyomma-americanum_evm.model.contig-94090-1.4,I3L4N7,0.53,0.22,0.282
Amblyomma-americanum_evm.model.contig-94090-1.4,H0YMW5,0.57,0.21,0.282
Amblyomma-americanum_evm.model.contig-94090-1.4,P50452,0.61,0.2,0.282
Amblyomma-americanum_evm.model.contig-94090-1.4,O43827,0.49,0.23,0.282
Amblyomma-americanum_evm.model.contig-94090-1.4,C9JM00,0.52,0.22,0.28
Amblyomma-americanum_evm.model.contig-94090-1.4,E5RG02,0.52,0.22,0.28
Amblyomma-americanum_evm.model.contig-94090-1.4,K7EJA5,0.52,0.22,0.28
Amblyomma-americanum_evm.model.contig-94090-1.4,F5GY03,0.52,0.22,0.28
Amblyomma-americanum_evm.model.contig-94090-1.4,J3KRK5,0.56,0.21,0.28
Amblyomma-americanum_evm.model.contig-94090-1.4,B3KR26,0.56,0.21,0.28
Amblyomma-americanum_evm.model.contig-94090-1.4,E5RFU9,0.51,0.22,0.278
Amblyomma-americanum_evm.model.contig-94090-1.4,A0A9L9PXM1,0.51,0.22,0.278
Amblyomma-americanum_evm.model.contig-94090-1.4,F5GYW9,0.63,0.19,0.278
Amblyomma-americanum_evm.model.contig-94090-1.4,Q96P15,0.63,0.19,0.278
Amblyomma-americanum_evm.model.contig-94090-1.4,C9JLV0,0.58,0.2,0.276
Amblyomma-americanum_evm.model.contig-94090-1.4,G3V3A0,0.5,0.22,0.276
Amblyomma-americanum_evm.model.contig-94090-1.4,A0A7I2V4Q9,0.5,0.22,0.276
Amblyomma-americanum_evm.model.contig-94090-1.4,P43235,0.62,0.19,0.276
Amblyomma-americanum_evm.model.contig-94090-1.4,I3L116,0.49,0.22,0.274
Amblyomma-americanum_evm.model.contig-94090-1.4,A0A7I2V2E2,0.49,0.22,0.274
Amblyomma-americanum_evm.model.contig-94090-1.4,D6RJA3,0.53,0.21,0.274
Amblyomma-americanum_evm.model.contig-94090-1.4,D6R9Z8,0.53,0.21,0.274
Amblyomma-americanum_evm.model.contig-94090-1.4,A8K2M3,0.61,0.19,0.274
Amblyomma-americanum_evm.model.contig-94090-1.4,P48594,0.61,0.19,0.274
Amblyomma-americanum_evm.model.contig-94090-1.4,P30411,0.53,0.21,0.274
Amblyomma-americanum_evm.model.contig-94090-1.4,Q5JZH0,0.49,0.22,0.274
Amblyomma-americanum_evm.model.contig-94090-1.4,F8WBX2,0.45,0.23,0.274
Amblyomma-americanum_evm.model.contig-94090-1.4,A0A2R8YE64,0.52,0.21,0.272
Amblyomma-americanum_evm.model.contig-94090-1.4,E9PS27,0.52,0.21,0.272
Amblyomma-americanum_evm.model.contig-94090-1.4,C9JDN6,0.52,0.21,0.272
Amblyomma-americanum_evm.model.contig-94090-1.4,K7EKQ0,0.52,0.21,0.272
Amblyomma-americanum_evm.model.contig-94090-1.4,E9PR18,0.52,0.21,0.272
Amblyomma-americanum_evm.model.contig-94090-1.4,A0A087WTA9,0.56,0.2,0.272
Amblyomma-americanum_evm.model.contig-94090-1.4,E9PLY4,0.56,0.2,0.272
Amblyomma-americanum_evm.model.contig-94090-1.4,Q96I82,0.47,0.22,0.27
Amblyomma-americanum_evm.model.contig-94090-1.4,Q8IYP2,0.55,0.2,0.27
Amblyomma-americanum_evm.model.contig-94090-1.4,A0A096LP68,0.51,0.21,0.27
Amblyomma-americanum_evm.model.contig-94090-1.4,S4R471,0.51,0.21,0.27
Amblyomma-americanum_evm.model.contig-94090-1.4,H3BUJ8,0.51,0.21,0.27
Amblyomma-americanum_evm.model.contig-94090-1.4,E9PNQ0,0.59,0.19,0.27
Amblyomma-americanum_evm.model.contig-94090-1.4,Q93079,0.55,0.2,0.27
Amblyomma-americanum_evm.model.contig-94090-1.4,P35237,0.59,0.19,0.27
Amblyomma-americanum_evm.model.contig-94090-1.4,A0A024QZX5,0.63,0.18,0.27
Amblyomma-americanum_evm.model.contig-94090-1.4,G3V350,0.46,0.22,0.268
Amblyomma-americanum_evm.model.contig-94090-1.4,H3BQS7,0.5,0.21,0.268
Amblyomma-americanum_evm.model.contig-94090-1.4,Q5VZE7,0.58,0.19,0.268
Amblyomma-americanum_evm.model.contig-94090-1.4,A0A8Q3WKS6,0.46,0.22,0.268
Amblyomma-americanum_evm.model.contig-94090-1.4,P25774,0.61,0.18,0.266
Amblyomma-americanum_evm.model.contig-94090-1.4,P01138,0.45,0.22,0.266
Amblyomma-americanum_evm.model.contig-94090-1.4,U3KQU6,0.49,0.21,0.266
Amblyomma-americanum_evm.model.contig-94090-1.4,C9J5G4,0.53,0.2,0.266
Amblyomma-americanum_evm.model.contig-94090-1.4,H0Y2V5,0.48,0.21,0.264
Amblyomma-americanum_evm.model.contig-94090-1.4,H3BQ51,0.48,0.21,0.264
Amblyomma-americanum_evm.model.contig-94090-1.4,A0A0C4DFZ7,0.52,0.2,0.264
Amblyomma-americanum_evm.model.contig-94090-1.4,E9PNJ1,0.52,0.2,0.264
Amblyomma-americanum_evm.model.contig-94090-1.4,H0YBF5,0.52,0.2,0.264
Amblyomma-americanum_evm.model.contig-94090-1.4,P68871,0.52,0.2,0.264
Amblyomma-americanum_evm.model.contig-94090-1.4,C9JQU8,0.52,0.2,0.264
Amblyomma-americanum_evm.model.contig-94090-1.4,E5RK62,0.56,0.19,0.264
Amblyomma-americanum_evm.model.contig-94090-1.4,K7ERK1,0.44,0.22,0.264
Amblyomma-americanum_evm.model.contig-94090-1.4,P19883,0.48,0.21,0.264
Amblyomma-americanum_evm.model.contig-94090-1.4,Q16740,0.47,0.21,0.262
Amblyomma-americanum_evm.model.contig-94090-1.4,Q9BX46,0.47,0.21,0.262
Amblyomma-americanum_evm.model.contig-94090-1.4,H3BR01,0.47,0.21,0.262
Amblyomma-americanum_evm.model.contig-94090-1.4,Q9BZJ3,0.51,0.2,0.262
Amblyomma-americanum_evm.model.contig-94090-1.4,A0A7I2V3M2,0.51,0.2,0.262
Amblyomma-americanum_evm.model.contig-94090-1.4,G3V1W5,0.51,0.2,0.262
Amblyomma-americanum_evm.model.contig-94090-1.4,P15529,0.43,0.22,0.262
Amblyomma-americanum_evm.model.contig-94090-1.4,P10646,0.42,0.22,0.26
Amblyomma-americanum_evm.model.contig-94090-1.4,J3QKT2,0.54,0.19,0.26
Amblyomma-americanum_evm.model.contig-94090-1.4,K7ESM7,0.5,0.2,0.26
Amblyomma-americanum_evm.model.contig-94090-1.4,K7ES27,0.58,0.18,0.26
Amblyomma-americanum_evm.model.contig-94090-1.4,A0A087X1N8,0.62,0.17,0.26
Amblyomma-americanum_evm.model.contig-94090-1.4,P07355,0.62,0.17,0.26
Amblyomma-americanum_evm.model.contig-94090-1.4,K7EQZ3,0.53,0.19,0.258
Amblyomma-americanum_evm.model.contig-94090-1.4,E9PRR2,0.53,0.19,0.258
Amblyomma-americanum_evm.model.contig-94090-1.4,P0C7L1,0.57,0.18,0.258
Amblyomma-americanum_evm.model.contig-94090-1.4,Q92905,0.49,0.2,0.258
Amblyomma-americanum_evm.model.contig-94090-1.4,A0A8Q3WKR0,0.45,0.21,0.258
Amblyomma-americanum_evm.model.contig-94090-1.4,O43291,0.44,0.21,0.256
Amblyomma-americanum_evm.model.contig-94090-1.4,E7EPJ9,0.52,0.19,0.256
Amblyomma-americanum_evm.model.contig-94090-1.4,C9JWE1,0.52,0.19,0.256
Amblyomma-americanum_evm.model.contig-94090-1.4,P19957,0.56,0.18,0.256
Amblyomma-americanum_evm.model.contig-94090-1.4,O75635,0.6,0.17,0.256
Amblyomma-americanum_evm.model.contig-94090-1.4,A0A2R8Y6A7,0.47,0.2,0.254
Amblyomma-americanum_evm.model.contig-94090-1.4,M0QXH3,0.51,0.19,0.254
Amblyomma-americanum_evm.model.contig-94090-1.4,P29508,0.59,0.17,0.254
Amblyomma-americanum_evm.model.contig-94090-1.4,Q9Y4P1,0.59,0.17,0.254
Amblyomma-americanum_evm.model.contig-94090-1.4,P48595,0.59,0.17,0.254
Amblyomma-americanum_evm.model.contig-94090-1.4,A0A7I2V4R8,0.46,0.2,0.252
Amblyomma-americanum_evm.model.contig-94090-1.4,P30740,0.62,0.16,0.252
Amblyomma-americanum_evm.model.contig-94090-1.4,Q9H300,0.5,0.19,0.252
Amblyomma-americanum_evm.model.contig-94090-1.4,P10124,0.53,0.18,0.25
Amblyomma-americanum_evm.model.contig-94090-1.4,A0A8Q3WKW1,0.45,0.2,0.25
Amblyomma-americanum_evm.model.contig-94090-1.4,H7BYS2,0.44,0.2,0.248
Amblyomma-americanum_evm.model.contig-94090-1.4,E9PNX1,0.48,0.19,0.248
Amblyomma-americanum_evm.model.contig-94090-1.4,A0A8Q3WLU6,0.44,0.2,0.248
Amblyomma-americanum_evm.model.contig-94090-1.4,H0YK36,0.52,0.18,0.248
Amblyomma-americanum_evm.model.contig-94090-1.4,Q6PEW0,0.48,0.19,0.248
Amblyomma-americanum_evm.model.contig-94090-1.4,Q9BWP8,0.43,0.2,0.246
Amblyomma-americanum_evm.model.contig-94090-1.4,K7EN14,0.47,0.19,0.246
Amblyomma-americanum_evm.model.contig-94090-1.4,G3V264,0.51,0.18,0.246
Amblyomma-americanum_evm.model.contig-94090-1.4,P01160,0.51,0.18,0.246
Amblyomma-americanum_evm.model.contig-94090-1.4,A0A8Q3WLA6,0.43,0.2,0.246
Amblyomma-americanum_evm.model.contig-94090-1.4,A0A6Q8JH89,0.43,0.2,0.246
Amblyomma-americanum_evm.model.contig-94090-1.4,F5H6C6,0.42,0.2,0.244
Amblyomma-americanum_evm.model.contig-94090-1.4,P56962,0.42,0.2,0.244
Amblyomma-americanum_evm.model.contig-94090-1.4,A0A7I2V2Z7,0.46,0.19,0.244
Amblyomma-americanum_evm.model.contig-94090-1.4,O00487,0.42,0.2,0.244
Amblyomma-americanum_evm.model.contig-94090-1.4,Q9NX52,0.53,0.17,0.242
Amblyomma-americanum_evm.model.contig-94090-1.4,A0A0J9YWQ3,0.45,0.19,0.242
Amblyomma-americanum_evm.model.contig-94090-1.4,Q9Y6Z7,0.45,0.19,0.242
Amblyomma-americanum_evm.model.contig-94090-1.4,A0A8V8TPN9,0.49,0.18,0.242
Amblyomma-americanum_evm.model.contig-94090-1.4,H3BTQ8,0.44,0.19,0.24
Amblyomma-americanum_evm.model.contig-94090-1.4,A0A3B3IS67,0.44,0.19,0.24
Amblyomma-americanum_evm.model.contig-94090-1.4,A0A7I2V5F9,0.48,0.18,0.24
Amblyomma-americanum_evm.model.contig-94090-1.4,A0A1W2PP66,0.48,0.18,0.24
Amblyomma-americanum_evm.model.contig-94090-1.4,E9PMC0,0.44,0.19,0.24
Amblyomma-americanum_evm.model.contig-94090-1.4,A0A096LPD5,0.51,0.17,0.238
Amblyomma-americanum_evm.model.contig-94090-1.4,A0A7P0TB23,0.51,0.17,0.238
Amblyomma-americanum_evm.model.contig-94090-1.4,Q8WX77,0.43,0.19,0.238
Amblyomma-americanum_evm.model.contig-94090-1.4,G3V544,0.51,0.17,0.238
Amblyomma-americanum_evm.model.contig-94090-1.4,Q9UIV8,0.58,0.15,0.236
Amblyomma-americanum_evm.model.contig-94090-1.4,P09486,0.49,0.17,0.234
Amblyomma-americanum_evm.model.contig-94090-1.4,A0A8V8TQY3,0.49,0.17,0.234
Amblyomma-americanum_evm.model.contig-94090-1.4,O14561,0.49,0.17,0.234
Amblyomma-americanum_evm.model.contig-94090-1.4,H0YA75,0.45,0.18,0.234
Amblyomma-americanum_evm.model.contig-94090-1.4,A0A0A0MQW3,0.57,0.15,0.234
Amblyomma-americanum_evm.model.contig-94090-1.4,A0A8Q3WKR4,0.4,0.19,0.232
Amblyomma-americanum_evm.model.contig-94090-1.4,C9JPV4,0.44,0.18,0.232
Amblyomma-americanum_evm.model.contig-94090-1.4,H7C004,0.44,0.18,0.232
Amblyomma-americanum_evm.model.contig-94090-1.4,J3QRH4,0.47,0.17,0.23
Amblyomma-americanum_evm.model.contig-94090-1.4,Q9HC57,0.47,0.17,0.23
Amblyomma-americanum_evm.model.contig-94090-1.4,E9PMN5,0.47,0.17,0.23
Amblyomma-americanum_evm.model.contig-94090-1.4,H3BUW8,0.46,0.17,0.228
Amblyomma-americanum_evm.model.contig-94090-1.4,A0A8V8TQY5,0.5,0.16,0.228
Amblyomma-americanum_evm.model.contig-94090-1.4,Q96HS1,0.5,0.16,0.228
Amblyomma-americanum_evm.model.contig-94090-1.4,C9JZ65,0.46,0.17,0.228
Amblyomma-americanum_evm.model.contig-94090-1.4,P61586,0.5,0.16,0.228
Amblyomma-americanum_evm.model.contig-94090-1.4,A0A0J9YW51,0.38,0.19,0.228
Amblyomma-americanum_evm.model.contig-94090-1.4,E9PKN6,0.45,0.17,0.226
Amblyomma-americanum_evm.model.contig-94090-1.4,H3BNM2,0.57,0.14,0.226
Amblyomma-americanum_evm.model.contig-94090-1.4,H3BNW5,0.48,0.16,0.224
Amblyomma-americanum_evm.model.contig-94090-1.4,E9PG70,0.44,0.17,0.224
Amblyomma-americanum_evm.model.contig-94090-1.4,P11226,0.46,0.16,0.22
Amblyomma-americanum_evm.model.contig-94090-1.4,C9JKV3,0.46,0.16,0.22
Amblyomma-americanum_evm.model.contig-94090-1.4,K7EJB6,0.42,0.17,0.22
Amblyomma-americanum_evm.model.contig-94090-1.4,P13726,0.45,0.16,0.218
Amblyomma-americanum_evm.model.contig-94090-1.4,Q07021,0.45,0.16,0.218
Amblyomma-americanum_evm.model.contig-94090-1.4,P10415,0.44,0.16,0.216
Amblyomma-americanum_evm.model.contig-94090-1.4,Q16270,0.43,0.16,0.214
Amblyomma-americanum_evm.model.contig-94090-1.4,P01137,0.39,0.17,0.214
Amblyomma-americanum_evm.model.contig-94090-1.4,A0A7P0Z451,0.42,0.16,0.212
Amblyomma-americanum_evm.model.contig-94090-1.4,P01375,0.45,0.15,0.21
Amblyomma-americanum_evm.model.contig-94090-1.4,A0A2R8YD12,0.48,0.14,0.208
Amblyomma-americanum_evm.model.contig-94090-1.4,C9JDY5,0.47,0.14,0.206
Amblyomma-americanum_evm.model.contig-94090-1.4,Q9UIK5,0.37,0.16,0.202
Amblyomma-americanum_evm.model.contig-94090-1.4,Q15078,0.4,0.15,0.2
Amblyomma-americanum_evm.model.contig-94090-1.4,P01876,0.39,0.15,0.198
Amblyomma-americanum_evm.model.contig-94090-1.4,Q13158,0.41,0.14,0.194
Amblyomma-americanum_evm.model.contig-94090-1.4,K7ER27,0.42,0.13,0.188